,ano,puntaje,indicador
0,2016,77.2339293072891,ÍNDICE DE ESTABILIDAD POLÍTICA Y AUSENCIA DE VIOLENCIA / TERRORISMO
1,2016,56.5032717346419,ÍNDICE DE EFECTIVIDAD DEL GOBIERNO
2,2016,87.3131283668569,VIOLACIONES A LA LIBERTAD DE PRENSA
3,2016,48.2635522502874,CAPACIDAD DE IMPLEMENTACIÓN DE POLÍTICAS Y REGULACIONES
4,2016,77.836812092094,ÍNDICE DE PRIMACÍA DE LA LEY
5,2016,0.0,PROPORCIÓN DE OCUPADOS CON SEGURIDAD SOCIAL 
6,2016,77.31,ÍNDICE DE APERTURA DE NEGOCIO
7,2016,61.77,ÍNDICE DE PAGOS DE IMPUESTOS POR AÑO
8,2016,57.72,ÍNDICE DE REGISTRO DE PROPIEDADES
9,2016,77.449342139784,TASA DE COBERTURA NETA EN EDUCACIÓN SECUNDARIA
10,2016,72.6353747631506,TASA DE COBERTURA NETA EN EDUCACIÓN MEDIA
11,2016,40.897126357671,ESPERANZA DE VIDA ESCOLAR
12,2016,46.4751432097689,"EVALUACIÓN DEL DESEMPEÑO ESCOLAR EN LECTURA, MATEMÁTICAS Y CIENCIA  EN LAS PRUEBAS SABER 11"
13,2016,19.6095708906114,TASA DE COBERTURA EN EDUCACIÓN SUPERIOR
14,2016,37.6591040455791,ÍNDICE DE PARTICIPACIÓN DE GRADUADOS EN CIENCIAS E INGENIERÍAS  STEM
15,2016,8.52513577393695,MOVILIDAD INTERNACIONAL (ÍNDICE) 
16,2016,24.5219275327775,NÚMERO DE INVESTIGADORES POR MILLÓN DE HABITANTES
17,2016,30.1687025531768,GASTO BRUTO EN INVESTIGACIÓN Y DESARROLLO (I+D) COMO PORCENTAJE DEL PIB
18,2016,12.7125484316672,DESEMPEÑO DE LOS ESTUDIANTES DE EDUCACION TERCIARIA EN LAS PRUEBAS DE ESTADO SABER
19,2016,8.81077735753187,INTENSIDAD DEL GASTO EMPRESARIAL EN I+D (PORCENTAJE)
20,2016,45.8888188202501,ACCESO A LAS TIC
21,2016,28.6214452030852,USO DE LAS TIC
22,2016,21.0365853658537,SERVICIOS DIGITALES DE CONFIANZA Y SEGURIDAD 
23,2016,15.4674796747967,GOBIERNO DIGITAL
24,2016,34.2765899719097,ÍNDICE DE GENERACIÓN Y COSTO DE LA ENERGÍA
25,2016,40.8734687008229,DESEMPEÑO LOGÍSTICO 
26,2016,4.07024051833616,INVERSIÓN PÚBLICA EN CAPITAL FIJO  (% DEL PIB)
27,2016,0.42151432766815,EFICIENCIA EN EL USO DE LA ENERGÍA (EN UNIDADES DEL PIB) 
28,2016,49.8106981161449,DESEMPEÑO AMBIENTAL 
29,2016,14.6507262498467,EMPRESAS CON CERTIFICACIÓN AMBIENTAL ISO 14001 
30,2016,10.4634503873035,FACILIDAD PARA OBTENER CRÉDITO
31,2016,29.3041399139297,CRÉDITO DOMÉSTICO 
32,2016,0.0842955534389831,CRÉDITO A LAS EMPRESAS PARA INNOVAR 
33,2016,0.0,CAPITALIZACIÓN BURSÁTIL 
34,2016,72.8344568795915,INVERSIÓN PRIVADA EN CAPITAL FIJO EN LA INDUSTRIA (% DEL PIB) 
35,2016,3.46319595870253,INVERSIÓN EN ACTIVIDADES CONDUCENTES A LA INNOVACIÓN EN LAS EMPRESAS (% DEL PIB) 
36,2016,92.3112046470024,DIVERSIFICACIÓN DE MERCADOS DE DESTINO DE EXPORTACIONES 
37,2016,8.00698426573824,DIVERSIFICACIÓN DE LA CANASTA EXPORTADORA (ÍNDICE HERFINDAHLHIRSCHMAN) 
38,2016,55.8695913588837,SOFISTICACIÓN DEL APARATO PRODUCTIVO 
39,2016,55.8695913588837,TAMAÑO DEL MERCADO INTERNO (LOGARITMO)
40,2016,24.0549828178694,EMPLEO INTENSIVO EN CONOCIMIENTO (%)
41,2016,22.3318407280124,GASTO EN FORMACIÓN Y CAPACITACIÓN (POR CADA 100 MIL UNIDADES DEL PIB)
42,2016,33.4603993787307,GASTO PRIVADO EN I+D (% DEL PIB)
43,2016,5.30887890053287,FINANCIACIÓN EMPRESARIAL DEL GASTO EN I+D (%)
44,2016,13.217264285477,BECAS DE MAESTRÍA Y DOCTORADO POR CADA 100 MIL PERSONAS ENTRE 25 Y 40 AÑOS
45,2016,0.0,MUJERES EMPLEADAS CON FORMACIÓN DE ALTO NIVEL 
46,2016,40.7836375949095,EMPRESAS QUE COOPERAN EN ACTIVIDADES DE INNOVACIÓN CON ORGANIZACIONES DEL CONOCIMIENTO (%)
47,2016,53.9338229894463,ÍNDICE DE ESPECIALIZACIÓN INDUSTRIAL
48,2016,6.12495987234423,GASTO EN I+D FINANCIADO DESDE EL EXTRANJERO (%)
49,2016,28.0464215366576,EMPRESAS QUE COOPERAN CON ORGANIZACIONES INTERNACIONALES (%)
50,2016,0.0,INVERSIÓN EN TRANSFERENCIA DE TECNOLOGÍA (POR CADA 100 MIL UNIDADES DEL PIB)
51,2016,6.14804120321147,IMPORTACIONES DE BIENES DE ALTA TECNOLOGÍA (% DE LAS IMPORTACIONES TOTALES DEL DEPARTAMENTO)
52,2016,0.743903497022403,INVERSIÓN EXTRANJERA DIRECTA DESDE EL EXTERIOR
53,2016,2.61898643357092,PERSONAL EN ACTI POR CADA 100 MIL HABITANTES
54,2016,0.0,SOLICITUDES DE PATENTES A RESIDENTES POR MILLÓN DE HABITANTES
55,2016,96.5443534022088,EMPRESAS INNOVADORAS EN SENTIDO ESTRICTO (%)
56,2016,2.16415521587943,SOLICITUDES DE MODELOS DE UTILIDAD REALIZADAS POR RESIDENTES POR MILLÓN DE HABITANTES
57,2016,90.3768635992076,ARTÍCULOS EN PUBLICACIONES CIENTÍFICAS Y TÉCNICAS 
58,2016,20.259319286872,ÍNDICE H (HIRSCH) DE DOCUMENTOS CITABLES
59,2016,33.8394135700432,EMPRESAS INNOVADORAS EN SENTIDO AMPLIO (%)
60,2016,36.3628741310044,PIB POR TRABAJADOR (MILLONES DE PESOS) 
61,2016,11.25459207159,TASA DE NATALIDAD EMPRESARIAL NETA POR CADA 10 MIL HABITANTES
62,2016,11.589946895713,GASTO EN TIC PARA INNOVAR (TASA POR CADA 10 MIL UNIDADES DEL PIB)
63,2016,36.0231620457398,CERTIFICADOS DE CALIDAD ISO DE PRODUCTOS Y DE PROCESOS (%)
64,2016,0.0,PRODUCCIÓN DE ALTO Y MEDIO ALTO CONTENIDO TECNOLÓGICO EN LA MANUFACTURA (%)
65,2016,1.10629836507151,VENTAS POR INNOVAR
66,2016,0.0,EXPORTACIONES DE PRODUCTOS ALTA TECNOLOGÍA (%)
67,2016,0.0,"EMPRESAS DE SERVICIOS DE COMUNICACIÓN, COMPUTACIÓN E INFORMACIÓN QUE EXPORTAN (%)"
68,2016,0.0,PATENTES CONCEDIDAS EN LOS ÚLTIMOS TRES AÑOS POR MILLÓN DE HABITANTES
69,2016,2.8659442167826,SOLICITUDES DE REGISTRO DE MARCAS POR MILLÓN DE HABITANTES
70,2016,32.6140156621093,TIC Y CREACIÓN DE NUEVOS MODELOS DE NEGOCIOS (% DE EMPRESAS)
71,2016,2.04814356292939,INVERSIÓN EN TIC DE LAS EMPRESAS QUE INTRODUCEN NUEVOS MÉTODOS ORGANIZATIVOS (TASA POR CADA MILLÓN DE UNIDADES DEL PIB)
72,2016,0.0,SOLICITUDES DE REGISTRO DE DISEÑOS INDUSTRIALES POR MILLÓN DE HABITANTES 
73,2016,0.0,EXPORTACIÓN DE SERVICIOS CREATIVOS Y CULTURALES (%)
74,2016,2.44252811696166,PRODUCCIÓN DE ECONOMÍA NARANJA (% PIB DEL DEPARTAMENTO)
75,2016,0.0,SOLICITUDES DE PATENTES  EN EL SECTOR TIC POR MILLÓN DE HABITANTES
76,2016,11.3917644953957,EMPRENDIMIENTOS DIGITALES 
77,2016,18.0689903760532,REGISTROS DE SOFTWARE
78,2016,73.6834431362627,ENTORNO POLÍTICO
79,2016,42.0334547807938,ENTORNO REGULATORIO
80,2016,65.6,AMBIENTE DE NEGOCIOS
81,2016,59.3642466175936,EDUCACIÓN SECUNDARIA Y MEDIA
82,2016,21.9312702367092,EDUCACIÓN SUPERIOR
83,2016,19.0534889687883,INVESTIGACIÓN Y DESARROLLO
84,2016,27.7535822659964,TIC
85,2016,26.4067663970229,INFRAESTRUCTURA GENERAL
86,2016,21.6276462312199,SOSTENIBILIDAD ECOLÓGICA
87,2016,13.2839619515574,CRÉDITO
88,2016,25.432550946098,CAPACIDAD DE INVERSIÓN
89,2016,52.0625934238748,COMERCIO Y COMPETENCIA
90,2016,16.3955610184371,TRABAJADORES DE CONOCIMIENTO
91,2016,32.2222104983394,ENLACES DE INNOVACIÓN
92,2016,2.3777327834512,ABSORCIÓN DEL CONOCIMIENTO
93,2016,40.5306841790352,CREACIÓN DE CONOCIMIENTO
94,2016,16.0561455848531,IMPACTO DEL CONOCIMIENTO
95,2016,0.0,DIFUSIÓN DE CONOCIMIENTO
96,2016,9.38202586045533,BIENES INTANGIBLES
97,2016,1.22126405848083,BIENES Y SERVICIOS CREATIVOS
98,2016,9.8202516238163,CREATIVIDAD EN LÍNEA
99,2017,76.4114427450347,ÍNDICE DE ESTABILIDAD POLÍTICA Y AUSENCIA DE VIOLENCIA / TERRORISMO
100,2017,48.3878521946521,ÍNDICE DE EFECTIVIDAD DEL GOBIERNO
101,2017,88.8995419640888,VIOLACIONES A LA LIBERTAD DE PRENSA
102,2017,49.1906864991092,CAPACIDAD DE IMPLEMENTACIÓN DE POLÍTICAS Y REGULACIONES
103,2017,82.6111009289157,ÍNDICE DE PRIMACÍA DE LA LEY
104,2017,6.67862889909079,PROPORCIÓN DE OCUPADOS CON SEGURIDAD SOCIAL 
105,2017,77.31,ÍNDICE DE APERTURA DE NEGOCIO
106,2017,61.77,ÍNDICE DE PAGOS DE IMPUESTOS POR AÑO
107,2017,57.72,ÍNDICE DE REGISTRO DE PROPIEDADES
108,2017,78.383275878192,TASA DE COBERTURA NETA EN EDUCACIÓN SECUNDARIA
109,2017,80.6248594642907,TASA DE COBERTURA NETA EN EDUCACIÓN MEDIA
110,2017,32.0161416300487,ESPERANZA DE VIDA ESCOLAR
111,2017,57.1523379473093,"EVALUACIÓN DEL DESEMPEÑO ESCOLAR EN LECTURA, MATEMÁTICAS Y CIENCIA  EN LAS PRUEBAS SABER 11"
112,2017,18.8548979232166,TASA DE COBERTURA EN EDUCACIÓN SUPERIOR
113,2017,45.6316756036145,ÍNDICE DE PARTICIPACIÓN DE GRADUADOS EN CIENCIAS E INGENIERÍAS  STEM
114,2017,7.67043692352564,MOVILIDAD INTERNACIONAL (ÍNDICE) 
115,2017,24.5219275327775,NÚMERO DE INVESTIGADORES POR MILLÓN DE HABITANTES
116,2017,26.6650034884063,GASTO BRUTO EN INVESTIGACIÓN Y DESARROLLO (I+D) COMO PORCENTAJE DEL PIB
117,2017,12.7125484316672,DESEMPEÑO DE LOS ESTUDIANTES DE EDUCACION TERCIARIA EN LAS PRUEBAS DE ESTADO SABER
118,2017,2.6935225515194,INTENSIDAD DEL GASTO EMPRESARIAL EN I+D (PORCENTAJE)
119,2017,46.4532500646929,ACCESO A LAS TIC
120,2017,25.5895509697282,USO DE LAS TIC
121,2017,21.0365853658537,SERVICIOS DIGITALES DE CONFIANZA Y SEGURIDAD 
122,2017,15.4674796747967,GOBIERNO DIGITAL
123,2017,35.6379264904441,ÍNDICE DE GENERACIÓN Y COSTO DE LA ENERGÍA
124,2017,35.5709125197463,DESEMPEÑO LOGÍSTICO 
125,2017,2.18206144569828,INVERSIÓN PÚBLICA EN CAPITAL FIJO  (% DEL PIB)
126,2017,0.212613548213087,EFICIENCIA EN EL USO DE LA ENERGÍA (EN UNIDADES DEL PIB) 
127,2017,48.9458647614872,DESEMPEÑO AMBIENTAL 
128,2017,20.5543225579653,EMPRESAS CON CERTIFICACIÓN AMBIENTAL ISO 14001 
129,2017,12.4493244241941,FACILIDAD PARA OBTENER CRÉDITO
130,2017,29.3041399139297,CRÉDITO DOMÉSTICO 
131,2017,0.0842955534389831,CRÉDITO A LAS EMPRESAS PARA INNOVAR 
132,2017,0.0,CAPITALIZACIÓN BURSÁTIL 
133,2017,19.1076400614453,INVERSIÓN PRIVADA EN CAPITAL FIJO EN LA INDUSTRIA (% DEL PIB) 
134,2017,3.46319595870253,INVERSIÓN EN ACTIVIDADES CONDUCENTES A LA INNOVACIÓN EN LAS EMPRESAS (% DEL PIB) 
135,2017,82.4797378178098,DIVERSIFICACIÓN DE MERCADOS DE DESTINO DE EXPORTACIONES 
136,2017,11.5329444707289,DIVERSIFICACIÓN DE LA CANASTA EXPORTADORA (ÍNDICE HERFINDAHLHIRSCHMAN) 
137,2017,58.3827785568599,SOFISTICACIÓN DEL APARATO PRODUCTIVO 
138,2017,58.3827785568599,TAMAÑO DEL MERCADO INTERNO (LOGARITMO)
139,2017,16.6666666666667,EMPLEO INTENSIVO EN CONOCIMIENTO (%)
140,2017,12.983044127624,GASTO EN FORMACIÓN Y CAPACITACIÓN (POR CADA 100 MIL UNIDADES DEL PIB)
141,2017,33.231230531097,GASTO PRIVADO EN I+D (% DEL PIB)
142,2017,5.69149136096458,FINANCIACIÓN EMPRESARIAL DEL GASTO EN I+D (%)
143,2017,30.1952201439628,BECAS DE MAESTRÍA Y DOCTORADO POR CADA 100 MIL PERSONAS ENTRE 25 Y 40 AÑOS
144,2017,0.494029124870383,MUJERES EMPLEADAS CON FORMACIÓN DE ALTO NIVEL 
145,2017,40.7836375949095,EMPRESAS QUE COOPERAN EN ACTIVIDADES DE INNOVACIÓN CON ORGANIZACIONES DEL CONOCIMIENTO (%)
146,2017,55.7700021430051,ÍNDICE DE ESPECIALIZACIÓN INDUSTRIAL
147,2017,8.58700691527619,GASTO EN I+D FINANCIADO DESDE EL EXTRANJERO (%)
148,2017,28.0464215366576,EMPRESAS QUE COOPERAN CON ORGANIZACIONES INTERNACIONALES (%)
149,2017,0.0,INVERSIÓN EN TRANSFERENCIA DE TECNOLOGÍA (POR CADA 100 MIL UNIDADES DEL PIB)
150,2017,6.14804120321147,IMPORTACIONES DE BIENES DE ALTA TECNOLOGÍA (% DE LAS IMPORTACIONES TOTALES DEL DEPARTAMENTO)
151,2017,0.743903497022403,INVERSIÓN EXTRANJERA DIRECTA DESDE EL EXTERIOR
152,2017,2.61898643357092,PERSONAL EN ACTI POR CADA 100 MIL HABITANTES
153,2017,0.0,SOLICITUDES DE PATENTES A RESIDENTES POR MILLÓN DE HABITANTES
154,2017,96.5443534022088,EMPRESAS INNOVADORAS EN SENTIDO ESTRICTO (%)
155,2017,2.20069383163461,SOLICITUDES DE MODELOS DE UTILIDAD REALIZADAS POR RESIDENTES POR MILLÓN DE HABITANTES
156,2017,90.3768635992076,ARTÍCULOS EN PUBLICACIONES CIENTÍFICAS Y TÉCNICAS 
157,2017,23.7191650853891,ÍNDICE H (HIRSCH) DE DOCUMENTOS CITABLES
158,2017,33.8394135700432,EMPRESAS INNOVADORAS EN SENTIDO AMPLIO (%)
159,2017,32.5932656349551,PIB POR TRABAJADOR (MILLONES DE PESOS) 
160,2017,18.8109261613147,TASA DE NATALIDAD EMPRESARIAL NETA POR CADA 10 MIL HABITANTES
161,2017,11.589946895713,GASTO EN TIC PARA INNOVAR (TASA POR CADA 10 MIL UNIDADES DEL PIB)
162,2017,36.0231620457398,CERTIFICADOS DE CALIDAD ISO DE PRODUCTOS Y DE PROCESOS (%)
163,2017,0.0,PRODUCCIÓN DE ALTO Y MEDIO ALTO CONTENIDO TECNOLÓGICO EN LA MANUFACTURA (%)
164,2017,1.10629836507151,VENTAS POR INNOVAR
165,2017,0.0,EXPORTACIONES DE PRODUCTOS ALTA TECNOLOGÍA (%)
166,2017,0.0,"EMPRESAS DE SERVICIOS DE COMUNICACIÓN, COMPUTACIÓN E INFORMACIÓN QUE EXPORTAN (%)"
167,2017,0.0,PATENTES CONCEDIDAS EN LOS ÚLTIMOS TRES AÑOS POR MILLÓN DE HABITANTES
168,2017,3.67914448300733,SOLICITUDES DE REGISTRO DE MARCAS POR MILLÓN DE HABITANTES
169,2017,32.6140156621093,TIC Y CREACIÓN DE NUEVOS MODELOS DE NEGOCIOS (% DE EMPRESAS)
170,2017,2.04814356292939,INVERSIÓN EN TIC DE LAS EMPRESAS QUE INTRODUCEN NUEVOS MÉTODOS ORGANIZATIVOS (TASA POR CADA MILLÓN DE UNIDADES DEL PIB)
171,2017,0.0,SOLICITUDES DE REGISTRO DE DISEÑOS INDUSTRIALES POR MILLÓN DE HABITANTES 
172,2017,0.0,EXPORTACIÓN DE SERVICIOS CREATIVOS Y CULTURALES (%)
173,2017,2.44252811696166,PRODUCCIÓN DE ECONOMÍA NARANJA (% PIB DEL DEPARTAMENTO)
174,2017,0.0,SOLICITUDES DE PATENTES  EN EL SECTOR TIC POR MILLÓN DE HABITANTES
175,2017,11.3917644953957,EMPRENDIMIENTOS DIGITALES 
176,2017,18.0689903760532,REGISTROS DE SOFTWARE
177,2017,71.2329456345919,ENTORNO POLÍTICO
178,2017,46.1601387757052,ENTORNO REGULATORIO
179,2017,65.6,AMBIENTE DE NEGOCIOS
180,2017,62.0441537299602,EDUCACIÓN SECUNDARIA Y MEDIA
181,2017,24.0523368167856,EDUCACIÓN SUPERIOR
182,2017,16.6482505010926,INVESTIGACIÓN Y DESARROLLO
183,2017,27.1367165187679,TIC
184,2017,24.4636334852962,INFRAESTRUCTURA GENERAL
185,2017,23.2376002892219,SOSTENIBILIDAD ECOLÓGICA
186,2017,13.9459199638543,CRÉDITO
187,2017,7.52361200671595,CAPACIDAD DE INVERSIÓN
188,2017,50.7984869484662,COMERCIO Y COMPETENCIA
189,2017,16.5436136591976,TRABAJADORES DE CONOCIMIENTO
190,2017,33.2967670474621,ENLACES DE INNOVACIÓN
191,2017,2.3777327834512,ABSORCIÓN DEL CONOCIMIENTO
192,2017,41.1134149147472,CREACIÓN DE CONOCIMIENTO
193,2017,16.6872665171323,IMPACTO DEL CONOCIMIENTO
194,2017,0.0,DIFUSIÓN DE CONOCIMIENTO
195,2017,9.58532592701151,BIENES INTANGIBLES
196,2017,1.22126405848083,BIENES Y SERVICIOS CREATIVOS
197,2017,9.8202516238163,CREATIVIDAD EN LÍNEA
198,2018,74.7369383829116,ÍNDICE DE ESTABILIDAD POLÍTICA Y AUSENCIA DE VIOLENCIA / TERRORISMO
199,2018,52.3270305587208,ÍNDICE DE EFECTIVIDAD DEL GOBIERNO
200,2018,86.2655678350486,VIOLACIONES A LA LIBERTAD DE PRENSA
201,2018,47.1324662180878,CAPACIDAD DE IMPLEMENTACIÓN DE POLÍTICAS Y REGULACIONES
202,2018,81.1301198055351,ÍNDICE DE PRIMACÍA DE LA LEY
203,2018,8.62760359131124,PROPORCIÓN DE OCUPADOS CON SEGURIDAD SOCIAL 
204,2018,80.28,ÍNDICE DE APERTURA DE NEGOCIO
205,2018,60.98,ÍNDICE DE PAGOS DE IMPUESTOS POR AÑO
206,2018,69.5,ÍNDICE DE REGISTRO DE PROPIEDADES
207,2018,79.98936369638,TASA DE COBERTURA NETA EN EDUCACIÓN SECUNDARIA
208,2018,78.7086646182975,TASA DE COBERTURA NETA EN EDUCACIÓN MEDIA
209,2018,32.3016269990903,ESPERANZA DE VIDA ESCOLAR
210,2018,58.1713776156141,"EVALUACIÓN DEL DESEMPEÑO ESCOLAR EN LECTURA, MATEMÁTICAS Y CIENCIA  EN LAS PRUEBAS SABER 11"
211,2018,23.1545003530163,TASA DE COBERTURA EN EDUCACIÓN SUPERIOR
212,2018,36.8564135379621,ÍNDICE DE PARTICIPACIÓN DE GRADUADOS EN CIENCIAS E INGENIERÍAS  STEM
213,2018,23.8498316485824,MOVILIDAD INTERNACIONAL (ÍNDICE) 
214,2018,26.4445875932932,NÚMERO DE INVESTIGADORES POR MILLÓN DE HABITANTES
215,2018,24.9234670849764,GASTO BRUTO EN INVESTIGACIÓN Y DESARROLLO (I+D) COMO PORCENTAJE DEL PIB
216,2018,41.6752303649038,DESEMPEÑO DE LOS ESTUDIANTES DE EDUCACION TERCIARIA EN LAS PRUEBAS DE ESTADO SABER
217,2018,2.6935225515194,INTENSIDAD DEL GASTO EMPRESARIAL EN I+D (PORCENTAJE)
218,2018,45.8339917280618,ACCESO A LAS TIC
219,2018,27.2489941623266,USO DE LAS TIC
220,2018,21.0365853658537,SERVICIOS DIGITALES DE CONFIANZA Y SEGURIDAD 
221,2018,15.4674796747967,GOBIERNO DIGITAL
222,2018,34.2175558764002,ÍNDICE DE GENERACIÓN Y COSTO DE LA ENERGÍA
223,2018,35.2705697280046,DESEMPEÑO LOGÍSTICO 
224,2018,10.6644280271373,INVERSIÓN PÚBLICA EN CAPITAL FIJO  (% DEL PIB)
225,2018,4.87635189282495,EFICIENCIA EN EL USO DE LA ENERGÍA (EN UNIDADES DEL PIB) 
226,2018,48.6856691375812,DESEMPEÑO AMBIENTAL 
227,2018,14.5129485183029,EMPRESAS CON CERTIFICACIÓN AMBIENTAL ISO 14001 
228,2018,7.55863034583239,FACILIDAD PARA OBTENER CRÉDITO
229,2018,29.6913202759001,CRÉDITO DOMÉSTICO 
230,2018,9.58675453443727,CRÉDITO A LAS EMPRESAS PARA INNOVAR 
231,2018,0.0,CAPITALIZACIÓN BURSÁTIL 
232,2018,100.0,INVERSIÓN PRIVADA EN CAPITAL FIJO EN LA INDUSTRIA (% DEL PIB) 
233,2018,3.33590062464693,INVERSIÓN EN ACTIVIDADES CONDUCENTES A LA INNOVACIÓN EN LAS EMPRESAS (% DEL PIB) 
234,2018,92.2586928460181,DIVERSIFICACIÓN DE MERCADOS DE DESTINO DE EXPORTACIONES 
235,2018,16.9575945307843,DIVERSIFICACIÓN DE LA CANASTA EXPORTADORA (ÍNDICE HERFINDAHLHIRSCHMAN) 
236,2018,59.3970088034243,SOFISTICACIÓN DEL APARATO PRODUCTIVO 
237,2018,59.3970088034243,TAMAÑO DEL MERCADO INTERNO (LOGARITMO)
238,2018,13.136288998358,EMPLEO INTENSIVO EN CONOCIMIENTO (%)
239,2018,12.9830031891984,GASTO EN FORMACIÓN Y CAPACITACIÓN (POR CADA 100 MIL UNIDADES DEL PIB)
240,2018,34.1064289880302,GASTO PRIVADO EN I+D (% DEL PIB)
241,2018,19.5715991853199,FINANCIACIÓN EMPRESARIAL DEL GASTO EN I+D (%)
242,2018,32.5273311604883,BECAS DE MAESTRÍA Y DOCTORADO POR CADA 100 MIL PERSONAS ENTRE 25 Y 40 AÑOS
243,2018,16.0111476131266,MUJERES EMPLEADAS CON FORMACIÓN DE ALTO NIVEL 
244,2018,60.551909602048,EMPRESAS QUE COOPERAN EN ACTIVIDADES DE INNOVACIÓN CON ORGANIZACIONES DEL CONOCIMIENTO (%)
245,2018,56.8025342628255,ÍNDICE DE ESPECIALIZACIÓN INDUSTRIAL
246,2018,56.6273755709306,GASTO EN I+D FINANCIADO DESDE EL EXTRANJERO (%)
247,2018,28.0464215366576,EMPRESAS QUE COOPERAN CON ORGANIZACIONES INTERNACIONALES (%)
248,2018,0.0,INVERSIÓN EN TRANSFERENCIA DE TECNOLOGÍA (POR CADA 100 MIL UNIDADES DEL PIB)
249,2018,6.14804120321147,IMPORTACIONES DE BIENES DE ALTA TECNOLOGÍA (% DE LAS IMPORTACIONES TOTALES DEL DEPARTAMENTO)
250,2018,0.55773902344159,INVERSIÓN EXTRANJERA DIRECTA DESDE EL EXTERIOR
251,2018,0.399831324355621,PERSONAL EN ACTI POR CADA 100 MIL HABITANTES
252,2018,1.88904773125895,SOLICITUDES DE PATENTES A RESIDENTES POR MILLÓN DE HABITANTES
253,2018,0.0,EMPRESAS INNOVADORAS EN SENTIDO ESTRICTO (%)
254,2018,2.0091017524272,SOLICITUDES DE MODELOS DE UTILIDAD REALIZADAS POR RESIDENTES POR MILLÓN DE HABITANTES
255,2018,68.0079098187227,ARTÍCULOS EN PUBLICACIONES CIENTÍFICAS Y TÉCNICAS 
256,2018,19.6300490751227,ÍNDICE H (HIRSCH) DE DOCUMENTOS CITABLES
257,2018,25.4293173782721,EMPRESAS INNOVADORAS EN SENTIDO AMPLIO (%)
258,2018,29.9217662072481,PIB POR TRABAJADOR (MILLONES DE PESOS) 
259,2018,7.56935000290222,TASA DE NATALIDAD EMPRESARIAL NETA POR CADA 10 MIL HABITANTES
260,2018,1.76007148405931,GASTO EN TIC PARA INNOVAR (TASA POR CADA 10 MIL UNIDADES DEL PIB)
261,2018,29.8300744276803,CERTIFICADOS DE CALIDAD ISO DE PRODUCTOS Y DE PROCESOS (%)
262,2018,0.0,PRODUCCIÓN DE ALTO Y MEDIO ALTO CONTENIDO TECNOLÓGICO EN LA MANUFACTURA (%)
263,2018,11.1180065618469,VENTAS POR INNOVAR
264,2018,0.0,EXPORTACIONES DE PRODUCTOS ALTA TECNOLOGÍA (%)
265,2018,0.0,"EMPRESAS DE SERVICIOS DE COMUNICACIÓN, COMPUTACIÓN E INFORMACIÓN QUE EXPORTAN (%)"
266,2018,0.0,PATENTES CONCEDIDAS EN LOS ÚLTIMOS TRES AÑOS POR MILLÓN DE HABITANTES
267,2018,3.80969274357683,SOLICITUDES DE REGISTRO DE MARCAS POR MILLÓN DE HABITANTES
268,2018,27.0696501261144,TIC Y CREACIÓN DE NUEVOS MODELOS DE NEGOCIOS (% DE EMPRESAS)
269,2018,2.11835786577095,INVERSIÓN EN TIC DE LAS EMPRESAS QUE INTRODUCEN NUEVOS MÉTODOS ORGANIZATIVOS (TASA POR CADA MILLÓN DE UNIDADES DEL PIB)
270,2018,0.0,SOLICITUDES DE REGISTRO DE DISEÑOS INDUSTRIALES POR MILLÓN DE HABITANTES 
271,2018,0.0,EXPORTACIÓN DE SERVICIOS CREATIVOS Y CULTURALES (%)
272,2018,2.44252811696166,PRODUCCIÓN DE ECONOMÍA NARANJA (% PIB DEL DEPARTAMENTO)
273,2018,0.0,SOLICITUDES DE PATENTES  EN EL SECTOR TIC POR MILLÓN DE HABITANTES
274,2018,11.8161777361046,EMPRENDIMIENTOS DIGITALES 
275,2018,16.1778756443319,REGISTROS DE SOFTWARE
276,2018,71.109845592227,ENTORNO POLÍTICO
277,2018,45.630063204978,ENTORNO REGULATORIO
278,2018,70.2533333333333,AMBIENTE DE NEGOCIOS
279,2018,62.2927582323454,EDUCACIÓN SECUNDARIA Y MEDIA
280,2018,27.9535818465203,EDUCACIÓN SUPERIOR
281,2018,23.9342018986732,INVESTIGACIÓN Y DESARROLLO
282,2018,27.3967627327597,TIC
283,2018,26.7175178771807,INFRAESTRUCTURA GENERAL
284,2018,22.6916565162363,SOSTENIBILIDAD ECOLÓGICA
285,2018,15.6122350520566,CRÉDITO
286,2018,34.4453002082156,CAPACIDAD DE INVERSIÓN
287,2018,56.2044320600756,COMERCIO Y COMPETENCIA
288,2018,21.3892998557536,TRABAJADORES DE CONOCIMIENTO
289,2018,50.5070602431154,ENLACES DE INNOVACIÓN
290,2018,1.77640288775217,ABSORCIÓN DEL CONOCIMIENTO
291,2018,19.4942376259673,CREACIÓN DE CONOCIMIENTO
292,2018,13.3665447806228,IMPACTO DEL CONOCIMIENTO
293,2018,0.0,DIFUSIÓN DE CONOCIMIENTO
294,2018,8.24942518386555,BIENES INTANGIBLES
295,2018,1.22126405848083,BIENES Y SERVICIOS CREATIVOS
296,2018,9.33135112681217,CREATIVIDAD EN LÍNEA
297,2019,79.7680946716102,ÍNDICE DE ESTABILIDAD POLÍTICA Y AUSENCIA DE VIOLENCIA / TERRORISMO
298,2019,51.6670803069568,ÍNDICE DE EFECTIVIDAD DEL GOBIERNO
299,2019,84.7513718671084,VIOLACIONES A LA LIBERTAD DE PRENSA
300,2019,78.8070086550408,CAPACIDAD DE IMPLEMENTACIÓN DE POLÍTICAS Y REGULACIONES
301,2019,79.7108259845529,ÍNDICE DE PRIMACÍA DE LA LEY
302,2019,10.0460153767177,PROPORCIÓN DE OCUPADOS CON SEGURIDAD SOCIAL 
303,2019,80.28,ÍNDICE DE APERTURA DE NEGOCIO
304,2019,60.98,ÍNDICE DE PAGOS DE IMPUESTOS POR AÑO
305,2019,69.5,ÍNDICE DE REGISTRO DE PROPIEDADES
306,2019,84.1009310452178,TASA DE COBERTURA NETA EN EDUCACIÓN SECUNDARIA
307,2019,73.9794706905647,TASA DE COBERTURA NETA EN EDUCACIÓN MEDIA
308,2019,30.8771515264243,ESPERANZA DE VIDA ESCOLAR
309,2019,56.4681433545183,"EVALUACIÓN DEL DESEMPEÑO ESCOLAR EN LECTURA, MATEMÁTICAS Y CIENCIA  EN LAS PRUEBAS SABER 11"
310,2019,25.6447273373563,TASA DE COBERTURA EN EDUCACIÓN SUPERIOR
311,2019,38.1786673475018,ÍNDICE DE PARTICIPACIÓN DE GRADUADOS EN CIENCIAS E INGENIERÍAS  STEM
312,2019,17.1840289192738,MOVILIDAD INTERNACIONAL (ÍNDICE) 
313,2019,29.1176300476087,NÚMERO DE INVESTIGADORES POR MILLÓN DE HABITANTES
314,2019,27.1105177676966,GASTO BRUTO EN INVESTIGACIÓN Y DESARROLLO (I+D) COMO PORCENTAJE DEL PIB
315,2019,22.6984746176764,DESEMPEÑO DE LOS ESTUDIANTES DE EDUCACION TERCIARIA EN LAS PRUEBAS DE ESTADO SABER
316,2019,1.64222929408842,INTENSIDAD DEL GASTO EMPRESARIAL EN I+D (PORCENTAJE)
317,2019,45.0578820528248,ACCESO A LAS TIC
318,2019,26.3409893805635,USO DE LAS TIC
319,2019,29.9651567944251,SERVICIOS DIGITALES DE CONFIANZA Y SEGURIDAD 
320,2019,30.1604911386415,GOBIERNO DIGITAL
321,2019,12.4192572266042,ÍNDICE DE GENERACIÓN Y COSTO DE LA ENERGÍA
322,2019,44.5565759522212,DESEMPEÑO LOGÍSTICO 
323,2019,7.55853004232323,INVERSIÓN PÚBLICA EN CAPITAL FIJO  (% DEL PIB)
324,2019,5.54330956139514,EFICIENCIA EN EL USO DE LA ENERGÍA (EN UNIDADES DEL PIB) 
325,2019,54.8395072731207,DESEMPEÑO AMBIENTAL 
326,2019,3.61345510498131,EMPRESAS CON CERTIFICACIÓN AMBIENTAL ISO 14001 
327,2019,14.6055699079547,FACILIDAD PARA OBTENER CRÉDITO
328,2019,31.8495274865836,CRÉDITO DOMÉSTICO 
329,2019,14.4264911867579,CRÉDITO A LAS EMPRESAS PARA INNOVAR 
330,2019,0.0,CAPITALIZACIÓN BURSÁTIL 
331,2019,33.7458055513239,INVERSIÓN PRIVADA EN CAPITAL FIJO EN LA INDUSTRIA (% DEL PIB) 
332,2019,9.32462734101821,INVERSIÓN EN ACTIVIDADES CONDUCENTES A LA INNOVACIÓN EN LAS EMPRESAS (% DEL PIB) 
333,2019,89.6354823716884,DIVERSIFICACIÓN DE MERCADOS DE DESTINO DE EXPORTACIONES 
334,2019,35.7507660878447,DIVERSIFICACIÓN DE LA CANASTA EXPORTADORA (ÍNDICE HERFINDAHLHIRSCHMAN) 
335,2019,57.5000846797413,SOFISTICACIÓN DEL APARATO PRODUCTIVO 
336,2019,57.5000846797413,TAMAÑO DEL MERCADO INTERNO (LOGARITMO)
337,2019,6.94444444444446,EMPLEO INTENSIVO EN CONOCIMIENTO (%)
338,2019,6.74657316965427,GASTO EN FORMACIÓN Y CAPACITACIÓN (POR CADA 100 MIL UNIDADES DEL PIB)
339,2019,31.3791574737156,GASTO PRIVADO EN I+D (% DEL PIB)
340,2019,4.67300865597367,FINANCIACIÓN EMPRESARIAL DEL GASTO EN I+D (%)
341,2019,32.5273311604883,BECAS DE MAESTRÍA Y DOCTORADO POR CADA 100 MIL PERSONAS ENTRE 25 Y 40 AÑOS
342,2019,16.5595816859329,MUJERES EMPLEADAS CON FORMACIÓN DE ALTO NIVEL 
343,2019,41.3031126235779,EMPRESAS QUE COOPERAN EN ACTIVIDADES DE INNOVACIÓN CON ORGANIZACIONES DEL CONOCIMIENTO (%)
344,2019,53.6533087635862,ÍNDICE DE ESPECIALIZACIÓN INDUSTRIAL
345,2019,39.5626825887461,GASTO EN I+D FINANCIADO DESDE EL EXTRANJERO (%)
346,2019,30.9773331280686,EMPRESAS QUE COOPERAN CON ORGANIZACIONES INTERNACIONALES (%)
347,2019,0.031228077386067,INVERSIÓN EN TRANSFERENCIA DE TECNOLOGÍA (POR CADA 100 MIL UNIDADES DEL PIB)
348,2019,5.69126273890862,IMPORTACIONES DE BIENES DE ALTA TECNOLOGÍA (% DE LAS IMPORTACIONES TOTALES DEL DEPARTAMENTO)
349,2019,0.55773902344159,INVERSIÓN EXTRANJERA DIRECTA DESDE EL EXTERIOR
350,2019,0.50144557356755,PERSONAL EN ACTI POR CADA 100 MIL HABITANTES
351,2019,2.81461726006868,SOLICITUDES DE PATENTES A RESIDENTES POR MILLÓN DE HABITANTES
352,2019,0.0,EMPRESAS INNOVADORAS EN SENTIDO ESTRICTO (%)
353,2019,2.08800348405284,SOLICITUDES DE MODELOS DE UTILIDAD REALIZADAS POR RESIDENTES POR MILLÓN DE HABITANTES
354,2019,68.0079098187227,ARTÍCULOS EN PUBLICACIONES CIENTÍFICAS Y TÉCNICAS 
355,2019,20.123839009288,ÍNDICE H (HIRSCH) DE DOCUMENTOS CITABLES
356,2019,27.7531380289596,EMPRESAS INNOVADORAS EN SENTIDO AMPLIO (%)
357,2019,35.741150315171,PIB POR TRABAJADOR (MILLONES DE PESOS) 
358,2019,4.36713189916827,TASA DE NATALIDAD EMPRESARIAL NETA POR CADA 10 MIL HABITANTES
359,2019,7.15344694955393,GASTO EN TIC PARA INNOVAR (TASA POR CADA 10 MIL UNIDADES DEL PIB)
360,2019,44.8241952966802,CERTIFICADOS DE CALIDAD ISO DE PRODUCTOS Y DE PROCESOS (%)
361,2019,0.0,PRODUCCIÓN DE ALTO Y MEDIO ALTO CONTENIDO TECNOLÓGICO EN LA MANUFACTURA (%)
362,2019,6.21286521143264,VENTAS POR INNOVAR
363,2019,0.00208173320820124,EXPORTACIONES DE PRODUCTOS ALTA TECNOLOGÍA (%)
364,2019,0.0,"EMPRESAS DE SERVICIOS DE COMUNICACIÓN, COMPUTACIÓN E INFORMACIÓN QUE EXPORTAN (%)"
365,2019,2.71771337944033,PATENTES CONCEDIDAS EN LOS ÚLTIMOS TRES AÑOS POR MILLÓN DE HABITANTES
366,2019,3.83058587195169,SOLICITUDES DE REGISTRO DE MARCAS POR MILLÓN DE HABITANTES
367,2019,45.3097853774509,TIC Y CREACIÓN DE NUEVOS MODELOS DE NEGOCIOS (% DE EMPRESAS)
368,2019,10.8116588220106,INVERSIÓN EN TIC DE LAS EMPRESAS QUE INTRODUCEN NUEVOS MÉTODOS ORGANIZATIVOS (TASA POR CADA MILLÓN DE UNIDADES DEL PIB)
369,2019,0.0,SOLICITUDES DE REGISTRO DE DISEÑOS INDUSTRIALES POR MILLÓN DE HABITANTES 
370,2019,0.0,EXPORTACIÓN DE SERVICIOS CREATIVOS Y CULTURALES (%)
371,2019,3.72894197665918,PRODUCCIÓN DE ECONOMÍA NARANJA (% PIB DEL DEPARTAMENTO)
372,2019,5.16230712331397,SOLICITUDES DE PATENTES  EN EL SECTOR TIC POR MILLÓN DE HABITANTES
373,2019,15.231033786635,EMPRENDIMIENTOS DIGITALES 
374,2019,15.2714082084789,REGISTROS DE SOFTWARE
375,2019,72.0621822818918,ENTORNO POLÍTICO
376,2019,56.1879500054371,ENTORNO REGULATORIO
377,2019,70.2533333333333,AMBIENTE DE NEGOCIOS
378,2019,61.3564241541813,EDUCACIÓN SECUNDARIA Y MEDIA
379,2019,27.0024745347106,EDUCACIÓN SUPERIOR
380,2019,20.1422129317676,INVESTIGACIÓN Y DESARROLLO
381,2019,32.8811298416137,TIC
382,2019,21.5114544070495,INFRAESTRUCTURA GENERAL
383,2019,21.3320906464991,SOSTENIBILIDAD ECOLÓGICA
384,2019,20.2938628604321,CRÉDITO
385,2019,14.3568109641141,CAPACIDAD DE INVERSIÓN
386,2019,60.9621110464248,COMERCIO Y COMPETENCIA
387,2019,16.4716827650349,TRABAJADORES DE CONOCIMIENTO
388,2019,41.3741092759947,ENLACES DE INNOVACIÓN
389,2019,1.69541885332596,ABSORCIÓN DEL CONOCIMIENTO
390,2019,20.1312512668486,CREACIÓN DE CONOCIMIENTO
391,2019,16.383131612001,IMPACTO DEL CONOCIMIENTO
392,2019,0.9066,DIFUSIÓN DE CONOCIMIENTO
393,2019,14.9880075178533,BIENES INTANGIBLES
394,2019,1.86447098832959,BIENES Y SERVICIOS CREATIVOS
395,2019,11.8882497061426,CREATIVIDAD EN LÍNEA
396,2020,82.3019733186435,ÍNDICE DE ESTABILIDAD POLÍTICA Y AUSENCIA DE VIOLENCIA / TERRORISMO
397,2020,51.9868499217126,ÍNDICE DE EFECTIVIDAD DEL GOBIERNO
398,2020,86.3723114008127,VIOLACIONES A LA LIBERTAD DE PRENSA
399,2020,55.8210225197899,CAPACIDAD DE IMPLEMENTACIÓN DE POLÍTICAS Y REGULACIONES
400,2020,80.2488444298863,ÍNDICE DE PRIMACÍA DE LA LEY
401,2020,5.89736809820547,PROPORCIÓN DE OCUPADOS CON SEGURIDAD SOCIAL 
402,2020,80.28,ÍNDICE DE APERTURA DE NEGOCIO
403,2020,60.98,ÍNDICE DE PAGOS DE IMPUESTOS POR AÑO
404,2020,69.5,ÍNDICE DE REGISTRO DE PROPIEDADES
405,2020,85.165788532839,TASA DE COBERTURA NETA EN EDUCACIÓN SECUNDARIA
406,2020,78.9045213095625,TASA DE COBERTURA NETA EN EDUCACIÓN MEDIA
407,2020,24.718795427009,ESPERANZA DE VIDA ESCOLAR
408,2020,56.6023742417241,"EVALUACIÓN DEL DESEMPEÑO ESCOLAR EN LECTURA, MATEMÁTICAS Y CIENCIA  EN LAS PRUEBAS SABER 11"
409,2020,26.5431983741543,TASA DE COBERTURA EN EDUCACIÓN SUPERIOR
410,2020,43.6925258772475,ÍNDICE DE PARTICIPACIÓN DE GRADUADOS EN CIENCIAS E INGENIERÍAS  STEM
411,2020,12.1532878397899,MOVILIDAD INTERNACIONAL (ÍNDICE) 
412,2020,29.067628406464,NÚMERO DE INVESTIGADORES POR MILLÓN DE HABITANTES
413,2020,21.8372632379387,GASTO BRUTO EN INVESTIGACIÓN Y DESARROLLO (I+D) COMO PORCENTAJE DEL PIB
414,2020,13.4136579310708,DESEMPEÑO DE LOS ESTUDIANTES DE EDUCACION TERCIARIA EN LAS PRUEBAS DE ESTADO SABER
415,2020,0.60797797088639,INTENSIDAD DEL GASTO EMPRESARIAL EN I+D (PORCENTAJE)
416,2020,41.849745845677,ACCESO A LAS TIC
417,2020,26.6212110321724,USO DE LAS TIC
418,2020,53.64,SERVICIOS DIGITALES DE CONFIANZA Y SEGURIDAD 
419,2020,66.35,GOBIERNO DIGITAL
420,2020,11.9621894328154,ÍNDICE DE GENERACIÓN Y COSTO DE LA ENERGÍA
421,2020,46.9171225854387,DESEMPEÑO LOGÍSTICO 
422,2020,4.21030228544847,INVERSIÓN PÚBLICA EN CAPITAL FIJO  (% DEL PIB)
423,2020,6.5634873759198,EFICIENCIA EN EL USO DE LA ENERGÍA (EN UNIDADES DEL PIB) 
424,2020,55.0798874663252,DESEMPEÑO AMBIENTAL 
425,2020,3.61345510498132,EMPRESAS CON CERTIFICACIÓN AMBIENTAL ISO 14001 
426,2020,6.63832228957409,FACILIDAD PARA OBTENER CRÉDITO
427,2020,30.4927908205319,CRÉDITO DOMÉSTICO 
428,2020,0.53385442962523,CRÉDITO A LAS EMPRESAS PARA INNOVAR 
429,2020,0.0,CAPITALIZACIÓN BURSÁTIL 
430,2020,23.1379227035702,INVERSIÓN PRIVADA EN CAPITAL FIJO EN LA INDUSTRIA (% DEL PIB) 
431,2020,7.94991182539098,INVERSIÓN EN ACTIVIDADES CONDUCENTES A LA INNOVACIÓN EN LAS EMPRESAS (% DEL PIB) 
432,2020,83.1781914893617,DIVERSIFICACIÓN DE MERCADOS DE DESTINO DE EXPORTACIONES 
433,2020,28.1920326864147,DIVERSIFICACIÓN DE LA CANASTA EXPORTADORA (ÍNDICE HERFINDAHLHIRSCHMAN) 
434,2020,56.5627480451928,SOFISTICACIÓN DEL APARATO PRODUCTIVO 
435,2020,,TAMAÑO DEL MERCADO INTERNO (LOGARITMO)
436,2020,21.6216216216216,EMPLEO INTENSIVO EN CONOCIMIENTO (%)
437,2020,0.870465682369629,GASTO EN FORMACIÓN Y CAPACITACIÓN (POR CADA 100 MIL UNIDADES DEL PIB)
438,2020,41.3110955785694,GASTO PRIVADO EN I+D (% DEL PIB)
439,2020,2.38780582900058,FINANCIACIÓN EMPRESARIAL DEL GASTO EN I+D (%)
440,2020,32.5273311604883,BECAS DE MAESTRÍA Y DOCTORADO POR CADA 100 MIL PERSONAS ENTRE 25 Y 40 AÑOS
441,2020,10.3934715452558,MUJERES EMPLEADAS CON FORMACIÓN DE ALTO NIVEL 
442,2020,18.739374342829,EMPRESAS QUE COOPERAN EN ACTIVIDADES DE INNOVACIÓN CON ORGANIZACIONES DEL CONOCIMIENTO (%)
443,2020,51.8750436774623,ÍNDICE DE ESPECIALIZACIÓN INDUSTRIAL
444,2020,12.7499791542143,GASTO EN I+D FINANCIADO DESDE EL EXTRANJERO (%)
445,2020,10.7651723500366,EMPRESAS QUE COOPERAN CON ORGANIZACIONES INTERNACIONALES (%)
446,2020,0.0,INVERSIÓN EN TRANSFERENCIA DE TECNOLOGÍA (POR CADA 100 MIL UNIDADES DEL PIB)
447,2020,2.17470327615457,IMPORTACIONES DE BIENES DE ALTA TECNOLOGÍA (% DE LAS IMPORTACIONES TOTALES DEL DEPARTAMENTO)
448,2020,0.55773902344159,INVERSIÓN EXTRANJERA DIRECTA DESDE EL EXTERIOR
449,2020,0.727957487282743,PERSONAL EN ACTI POR CADA 100 MIL HABITANTES
450,2020,3.22299229187878,SOLICITUDES DE PATENTES A RESIDENTES POR MILLÓN DE HABITANTES
451,2020,0.0,EMPRESAS INNOVADORAS EN SENTIDO ESTRICTO (%)
452,2020,0.0,SOLICITUDES DE MODELOS DE UTILIDAD REALIZADAS POR RESIDENTES POR MILLÓN DE HABITANTES
453,2020,39.5015934253429,ARTÍCULOS EN PUBLICACIONES CIENTÍFICAS Y TÉCNICAS 
454,2020,19.1235059760957,ÍNDICE H (HIRSCH) DE DOCUMENTOS CITABLES
455,2020,46.0818945196401,EMPRESAS INNOVADORAS EN SENTIDO AMPLIO (%)
456,2020,37.6675741474766,PIB POR TRABAJADOR (MILLONES DE PESOS) 
457,2020,21.7750977785525,TASA DE NATALIDAD EMPRESARIAL NETA POR CADA 10 MIL HABITANTES
458,2020,0.235416806692242,GASTO EN TIC PARA INNOVAR (TASA POR CADA 10 MIL UNIDADES DEL PIB)
459,2020,19.4601192551119,CERTIFICADOS DE CALIDAD ISO DE PRODUCTOS Y DE PROCESOS (%)
460,2020,0.0,PRODUCCIÓN DE ALTO Y MEDIO ALTO CONTENIDO TECNOLÓGICO EN LA MANUFACTURA (%)
461,2020,13.9165256012046,VENTAS POR INNOVAR
462,2020,0.0543450862422155,EXPORTACIONES DE PRODUCTOS ALTA TECNOLOGÍA (%)
463,2020,0.0,"EMPRESAS DE SERVICIOS DE COMUNICACIÓN, COMPUTACIÓN E INFORMACIÓN QUE EXPORTAN (%)"
464,2020,1.89339742728397,PATENTES CONCEDIDAS EN LOS ÚLTIMOS TRES AÑOS POR MILLÓN DE HABITANTES
465,2020,1.89468162339295,SOLICITUDES DE REGISTRO DE MARCAS POR MILLÓN DE HABITANTES
466,2020,48.9638622247318,TIC Y CREACIÓN DE NUEVOS MODELOS DE NEGOCIOS (% DE EMPRESAS)
467,2020,0.0,INVERSIÓN EN TIC DE LAS EMPRESAS QUE INTRODUCEN NUEVOS MÉTODOS ORGANIZATIVOS (TASA POR CADA MILLÓN DE UNIDADES DEL PIB)
468,2020,0.0,SOLICITUDES DE REGISTRO DE DISEÑOS INDUSTRIALES POR MILLÓN DE HABITANTES 
469,2020,0.0,EXPORTACIÓN DE SERVICIOS CREATIVOS Y CULTURALES (%)
470,2020,3.41854648571695,PRODUCCIÓN DE ECONOMÍA NARANJA (% PIB DEL DEPARTAMENTO)
471,2020,4.05034742922506,SOLICITUDES DE PATENTES  EN EL SECTOR TIC POR MILLÓN DE HABITANTES
472,2020,11.1600773113903,EMPRENDIMIENTOS DIGITALES 
473,2020,16.5265126593327,REGISTROS DE SOFTWARE
474,2020,73.5537115470563,ENTORNO POLÍTICO
475,2020,47.3224116826272,ENTORNO REGULATORIO
476,2020,70.2533333333333,AMBIENTE DE NEGOCIOS
477,2020,61.3478698777837,EDUCACIÓN SECUNDARIA Y MEDIA
478,2020,27.4630040303972,EDUCACIÓN SUPERIOR
479,2020,16.23163188659,INVESTIGACIÓN Y DESARROLLO
480,2020,47.1152392194623,TIC
481,2020,21.0298714345675,INFRAESTRUCTURA GENERAL
482,2020,21.7522766490754,SOSTENIBILIDAD ECOLÓGICA
483,2020,12.5549891799104,CRÉDITO
484,2020,10.3626115096537,CAPACIDAD DE INVERSIÓN
485,2020,55.9776574069897,COMERCIO Y COMPETENCIA
486,2020,18.1852985695509,TRABAJADORES DE CONOCIMIENTO
487,2020,23.5323923811355,ENLACES DE INNOVACIÓN
488,2020,0.865099946719727,ABSORCIÓN DEL CONOCIMIENTO
489,2020,17.9883310354929,CREACIÓN DE CONOCIMIENTO
490,2020,15.5091222648396,IMPACTO DEL CONOCIMIENTO
491,2020,0.64925,DIFUSIÓN DE CONOCIMIENTO
492,2020,12.7146359620312,BIENES INTANGIBLES
493,2020,1.70927324285848,BIENES Y SERVICIOS CREATIVOS
494,2020,10.578979133316,CREATIVIDAD EN LÍNEA
495,2021,79.9811775923652,ÍNDICE DE ESTABILIDAD POLÍTICA Y AUSENCIA DE VIOLENCIA / TERRORISMO
496,2021,52.6608898589005,ÍNDICE DE EFECTIVIDAD DEL GOBIERNO
497,2021,80.052093583169,VIOLACIONES A LA LIBERTAD DE PRENSA
498,2021,68.3123772402168,CAPACIDAD DE IMPLEMENTACIÓN DE POLÍTICAS Y REGULACIONES
499,2021,82.5576564431352,ÍNDICE DE PRIMACÍA DE LA LEY
500,2021,13.2464620221603,PROPORCIÓN DE OCUPADOS CON SEGURIDAD SOCIAL 
501,2021,80.28,ÍNDICE DE APERTURA DE NEGOCIO
502,2021,60.98,ÍNDICE DE PAGOS DE IMPUESTOS POR AÑO
503,2021,69.5,ÍNDICE DE REGISTRO DE PROPIEDADES
504,2021,85.2431560519828,TASA DE COBERTURA NETA EN EDUCACIÓN SECUNDARIA
505,2021,76.4841410144542,TASA DE COBERTURA NETA EN EDUCACIÓN MEDIA
506,2021,29.9613570855978,ESPERANZA DE VIDA ESCOLAR
507,2021,50.537457777485,"EVALUACIÓN DEL DESEMPEÑO ESCOLAR EN LECTURA, MATEMÁTICAS Y CIENCIA  EN LAS PRUEBAS SABER 11"
508,2021,30.0698308806056,TASA DE COBERTURA EN EDUCACIÓN SUPERIOR
509,2021,53.9336597407988,ÍNDICE DE PARTICIPACIÓN DE GRADUADOS EN CIENCIAS E INGENIERÍAS  STEM
510,2021,22.5573585542521,MOVILIDAD INTERNACIONAL (ÍNDICE) 
511,2021,29.0366393547601,NÚMERO DE INVESTIGADORES POR MILLÓN DE HABITANTES
512,2021,19.9398854927037,GASTO BRUTO EN INVESTIGACIÓN Y DESARROLLO (I+D) COMO PORCENTAJE DEL PIB
513,2021,19.3062733275188,DESEMPEÑO DE LOS ESTUDIANTES DE EDUCACION TERCIARIA EN LAS PRUEBAS DE ESTADO SABER
514,2021,0.466370606513379,INTENSIDAD DEL GASTO EMPRESARIAL EN I+D (PORCENTAJE)
515,2021,21.2724536473422,ACCESO A LAS TIC
516,2021,10.6688905195363,USO DE LAS TIC
517,2021,52.51,SERVICIOS DIGITALES DE CONFIANZA Y SEGURIDAD 
518,2021,70.03,GOBIERNO DIGITAL
519,2021,25.5381382044001,ÍNDICE DE GENERACIÓN Y COSTO DE LA ENERGÍA
520,2021,50.4293529490148,DESEMPEÑO LOGÍSTICO 
521,2021,5.44773311304915,INVERSIÓN PÚBLICA EN CAPITAL FIJO  (% DEL PIB)
522,2021,18.8967754907057,EFICIENCIA EN EL USO DE LA ENERGÍA (EN UNIDADES DEL PIB) 
523,2021,49.5842662937574,DESEMPEÑO AMBIENTAL 
524,2021,23.9349963493008,EMPRESAS CON CERTIFICACIÓN AMBIENTAL ISO 14001 
525,2021,10.7491213091036,FACILIDAD PARA OBTENER CRÉDITO
526,2021,38.2063112016354,CRÉDITO DOMÉSTICO 
527,2021,0.0754962916038542,CRÉDITO A LAS EMPRESAS PARA INNOVAR 
528,2021,0.0,CAPITALIZACIÓN BURSÁTIL 
529,2021,50.3242511513031,INVERSIÓN PRIVADA EN CAPITAL FIJO EN LA INDUSTRIA (% DEL PIB) 
530,2021,0.885573320475318,INVERSIÓN EN ACTIVIDADES CONDUCENTES A LA INNOVACIÓN EN LAS EMPRESAS (% DEL PIB) 
531,2021,69.3565976008724,DIVERSIFICACIÓN DE MERCADOS DE DESTINO DE EXPORTACIONES 
532,2021,35.4018311291963,DIVERSIFICACIÓN DE LA CANASTA EXPORTADORA (ÍNDICE HERFINDAHLHIRSCHMAN) 
533,2021,56.657666619298,SOFISTICACIÓN DEL APARATO PRODUCTIVO 
534,2021,,TAMAÑO DEL MERCADO INTERNO (LOGARITMO)
535,2021,16.4912280701755,EMPLEO INTENSIVO EN CONOCIMIENTO (%)
536,2021,1.00767944790787,GASTO EN FORMACIÓN Y CAPACITACIÓN (POR CADA 100 MIL UNIDADES DEL PIB)
537,2021,41.4671803562645,GASTO PRIVADO EN I+D (% DEL PIB)
538,2021,2.50708703993656,FINANCIACIÓN EMPRESARIAL DEL GASTO EN I+D (%)
539,2021,33.7821765634113,BECAS DE MAESTRÍA Y DOCTORADO POR CADA 100 MIL PERSONAS ENTRE 25 Y 40 AÑOS
540,2021,13.8164493560615,MUJERES EMPLEADAS CON FORMACIÓN DE ALTO NIVEL 
541,2021,27.4042338434826,EMPRESAS QUE COOPERAN EN ACTIVIDADES DE INNOVACIÓN CON ORGANIZACIONES DEL CONOCIMIENTO (%)
542,2021,65.3210136246713,ÍNDICE DE ESPECIALIZACIÓN INDUSTRIAL
543,2021,6.98784570003704,GASTO EN I+D FINANCIADO DESDE EL EXTRANJERO (%)
544,2021,10.3614584088882,EMPRESAS QUE COOPERAN CON ORGANIZACIONES INTERNACIONALES (%)
545,2021,0.0,INVERSIÓN EN TRANSFERENCIA DE TECNOLOGÍA (POR CADA 100 MIL UNIDADES DEL PIB)
546,2021,4.42257885637556,IMPORTACIONES DE BIENES DE ALTA TECNOLOGÍA (% DE LAS IMPORTACIONES TOTALES DEL DEPARTAMENTO)
547,2021,0.557739023441589,INVERSIÓN EXTRANJERA DIRECTA DESDE EL EXTERIOR
548,2021,0.847328584543076,PERSONAL EN ACTI POR CADA 100 MIL HABITANTES
549,2021,1.25204683661274,SOLICITUDES DE PATENTES A RESIDENTES POR MILLÓN DE HABITANTES
550,2021,0.0,EMPRESAS INNOVADORAS EN SENTIDO ESTRICTO (%)
551,2021,0.0,SOLICITUDES DE MODELOS DE UTILIDAD REALIZADAS POR RESIDENTES POR MILLÓN DE HABITANTES
552,2021,33.8780667381682,ARTÍCULOS EN PUBLICACIONES CIENTÍFICAS Y TÉCNICAS 
553,2021,20.3648705982181,ÍNDICE H (HIRSCH) DE DOCUMENTOS CITABLES
554,2021,25.1263129757278,EMPRESAS INNOVADORAS EN SENTIDO AMPLIO (%)
555,2021,32.0378824422588,PIB POR TRABAJADOR (MILLONES DE PESOS) 
556,2021,9.47689982371813,TASA DE NATALIDAD EMPRESARIAL NETA POR CADA 10 MIL HABITANTES
557,2021,0.357142201863937,GASTO EN TIC PARA INNOVAR (TASA POR CADA 10 MIL UNIDADES DEL PIB)
558,2021,18.9634236990583,CERTIFICADOS DE CALIDAD ISO DE PRODUCTOS Y DE PROCESOS (%)
559,2021,0.0,PRODUCCIÓN DE ALTO Y MEDIO ALTO CONTENIDO TECNOLÓGICO EN LA MANUFACTURA (%)
560,2021,15.5764734977021,VENTAS POR INNOVAR
561,2021,0.00203210241406941,EXPORTACIONES DE PRODUCTOS ALTA TECNOLOGÍA (%)
562,2021,0.000252071040812107,"EMPRESAS DE SERVICIOS DE COMUNICACIÓN, COMPUTACIÓN E INFORMACIÓN QUE EXPORTAN (%)"
563,2021,3.03672550380081,PATENTES CONCEDIDAS EN LOS ÚLTIMOS TRES AÑOS POR MILLÓN DE HABITANTES
564,2021,2.05695011572793,SOLICITUDES DE REGISTRO DE MARCAS POR MILLÓN DE HABITANTES
565,2021,45.3194267322524,TIC Y CREACIÓN DE NUEVOS MODELOS DE NEGOCIOS (% DE EMPRESAS)
566,2021,0.195153508847591,INVERSIÓN EN TIC DE LAS EMPRESAS QUE INTRODUCEN NUEVOS MÉTODOS ORGANIZATIVOS (TASA POR CADA MILLÓN DE UNIDADES DEL PIB)
567,2021,0.0,SOLICITUDES DE REGISTRO DE DISEÑOS INDUSTRIALES POR MILLÓN DE HABITANTES 
568,2021,1.73018589407098,EXPORTACIÓN DE SERVICIOS CREATIVOS Y CULTURALES (%)
569,2021,1.81671205948785,PRODUCCIÓN DE ECONOMÍA NARANJA (% PIB DEL DEPARTAMENTO)
570,2021,4.77471351672706,SOLICITUDES DE PATENTES  EN EL SECTOR TIC POR MILLÓN DE HABITANTES
571,2021,9.83682426297756,EMPRENDIMIENTOS DIGITALES 
572,2021,18.4529328277679,REGISTROS DE SOFTWARE
573,2021,70.8980536781449,ENTORNO POLÍTICO
574,2021,54.7054985685041,ENTORNO REGULATORIO
575,2021,70.2533333333333,AMBIENTE DE NEGOCIOS
576,2021,60.5565279823799,EDUCACIÓN SECUNDARIA Y MEDIA
577,2021,35.5202830585522,EDUCACIÓN SUPERIOR
578,2021,17.187292195374,INVESTIGACIÓN Y DESARROLLO
579,2021,38.6203360417196,TIC
580,2021,27.1384080888214,INFRAESTRUCTURA GENERAL
581,2021,30.805346044588,SOSTENIBILIDAD ECOLÓGICA
582,2021,16.3436429341143,CRÉDITO
583,2021,17.0699414905928,CAPACIDAD DE INVERSIÓN
584,2021,53.8053651164556,COMERCIO Y COMPETENCIA
585,2021,18.1786334722929,TRABAJADORES DE CONOCIMIENTO
586,2021,27.5186378942698,ENLACES DE INNOVACIÓN
587,2021,1.45691161609006,ABSORCIÓN DEL CONOCIMIENTO
588,2021,13.4368828581211,CREACIÓN DE CONOCIMIENTO
589,2021,12.7353036107669,IMPACTO DEL CONOCIMIENTO
590,2021,1.013,DIFUSIÓN DE CONOCIMIENTO
591,2021,11.892882589207,BIENES INTANGIBLES
592,2021,1.77344897677941,BIENES Y SERVICIOS CREATIVOS
593,2021,11.0214902024909,CREATIVIDAD EN LÍNEA
