,ano,posicion,indicador
0,2016,5.0,ÍNDICE DE ESTABILIDAD POLÍTICA Y AUSENCIA DE VIOLENCIA / TERRORISMO
1,2016,14.0,ÍNDICE DE EFECTIVIDAD DEL GOBIERNO
2,2016,9.0,VIOLACIONES A LA LIBERTAD DE PRENSA
3,2016,19.0,CAPACIDAD DE IMPLEMENTACIÓN DE POLÍTICAS Y REGULACIONES
4,2016,3.0,ÍNDICE DE PRIMACÍA DE LA LEY
5,2016,32.0,PROPORCIÓN DE OCUPADOS CON SEGURIDAD SOCIAL
6,2016,20.0,ÍNDICE DE APERTURA DE NEGOCIO
7,2016,4.0,ÍNDICE DE PAGOS DE IMPUESTOS POR AÑO
8,2016,18.0,ÍNDICE DE REGISTRO DE PROPIEDADES
9,2016,13.0,TASA DE COBERTURA NETA EN EDUCACIÓN SECUNDARIA
10,2016,17.0,TASA DE COBERTURA NETA EN EDUCACIÓN MEDIA
11,2016,17.0,ESPERANZA DE VIDA ESCOLAR
12,2016,19.0,"EVALUACIÓN DEL DESEMPEÑO ESCOLAR EN LECTURA, MATEMÁTICAS Y CIENCIA  EN LAS PRUEBAS SABER 11"
13,2016,26.0,TASA DE COBERTURA EN EDUCACIÓN SUPERIOR
14,2016,24.0,ÍNDICE DE PARTICIPACIÓN DE GRADUADOS EN CIENCIAS E INGENIERÍAS  STEM
15,2016,17.0,MOVILIDAD INTERNACIONAL (ÍNDICE)
16,2016,18.0,NÚMERO DE INVESTIGADORES POR MILLÓN DE HABITANTES
17,2016,7.0,GASTO BRUTO EN INVESTIGACIÓN Y DESARROLLO (I+D) COMO PORCENTAJE DEL PIB
18,2016,24.0,DESEMPEÑO DE LOS ESTUDIANTES DE EDUCACION TERCIARIA EN LAS PRUEBAS DE ESTADO SABER 
19,2016,7.0,INTENSIDAD DEL GASTO EMPRESARIAL EN I+D (PORCENTAJE)
20,2016,21.0,ACCESO A LAS TIC
21,2016,18.0,USO DE LAS TIC
22,2016,28.0,SERVICIOS DIGITALES DE CONFIANZA Y SEGURIDAD 
23,2016,32.0,GOBIERNO DIGITAL
24,2016,13.0,ÍNDICE DE GENERACIÓN Y COSTO DE LA ENERGÍA
25,2016,24.0,DESEMPEÑO LOGÍSTICO
26,2016,23.0,INVERSIÓN PÚBLICA EN CAPITAL FIJO (% DEL PIB)
27,2016,29.0,EFICIENCIA EN EL USO DE LA ENERGÍA (EN UNIDADES DEL PIB)
28,2016,14.0,DESEMPEÑO AMBIENTAL
29,2016,16.0,EMPRESAS CON CERTIFICACIÓN AMBIENTAL ISO 14001
30,2016,28.0,FACILIDAD PARA OBTENER CRÉDITO
31,2016,18.0,CRÉDITO DOMÉSTICO
32,2016,22.0,CRÉDITO A LAS EMPRESAS PARA INNOVAR
33,2016,6.0,CAPITALIZACIÓN BURSÁTIL
34,2016,5.0,INVERSIÓN PRIVADA EN CAPITAL FIJO EN LA INDUSTRIA (% DEL PIB)
35,2016,23.0,INVERSIÓN EN ACTIVIDADES CONDUCENTES A LA INNOVACIÓN EN LAS EMPRESAS (% DEL PIB)
36,2016,12.0,DIVERSIFICACIÓN DE MERCADOS DE DESTINO DE EXPORTACIONES
37,2016,23.0,DIVERSIFICACIÓN DE LA CANASTA EXPORTADORA (ÍNDICE HERFINDAHLHIRSCHMAN)
38,2016,13.0,SOFISTICACIÓN DEL APARATO PRODUCTIVO
39,2016,,TAMAÑO DEL MERCADO INTERNO (LOGARITMO)
40,2016,20.0,EMPLEO INTENSIVO EN CONOCIMIENTO (%)
41,2016,6.0,GASTO EN FORMACIÓN Y CAPACITACIÓN (POR CADA 100 MIL UNIDADES DEL PIB)
42,2016,7.0,GASTO PRIVADO EN I+D (% DEL PIB)
43,2016,17.0,FINANCIACIÓN EMPRESARIAL DEL GASTO EN I+D (%)
44,2016,25.0,BECAS DE MAESTRÍA Y DOCTORADO POR CADA 100 MIL PERSONAS ENTRE 25 Y 40 AÑOS
45,2016,31.0,MUJERES EMPLEADAS CON FORMACIÓN DE ALTO NIVEL
46,2016,4.0,EMPRESAS QUE COOPERAN EN ACTIVIDADES DE INNOVACIÓN CON ORGANIZACIONES DEL CONOCIMIENTO (%)
47,2016,12.0,ÍNDICE DE ESPECIALIZACIÓN INDUSTRIAL
48,2016,11.0,GASTO EN I+D FINANCIADO DESDE EL EXTRANJERO (%)
49,2016,11.0,EMPRESAS QUE COOPERAN CON ORGANIZACIONES INTERNACIONALES (%)
50,2016,26.0,IMPORTACIONES DE BIENES DE ALTA TECNOLOGÍA (% DE LAS IMPORTACIONES TOTALES DEL DEPARTAMENTO)
51,2016,22.0,INVERSIÓN EXTRANJERA DIRECTA DESDE EL EXTERIOR
52,2016,9.0,PERSONAL EN ACTI POR CADA 100 MIL HABITANTES
53,2016,25.0,SOLICITUDES DE PATENTES A RESIDENTES POR MILLÓN DE HABITANTES
54,2016,3.0,EMPRESAS INNOVADORAS EN SENTIDO ESTRICTO (%)
55,2016,19.0,SOLICITUDES DE MODELOS DE UTILIDAD REALIZADAS POR RESIDENTES POR MILLÓN DE HABITANTES
56,2016,3.0,ARTÍCULOS EN PUBLICACIONES CIENTÍFICAS Y TÉCNICAS
57,2016,9.0,ÍNDICE H (HIRSCH) DE DOCUMENTOS CITABLES
58,2016,10.0,EMPRESAS INNOVADORAS EN SENTIDO AMPLIO (%)
59,2016,22.0,PIB POR TRABAJADOR (MILLONES DE PESOS)
60,2016,27.0,TASA DE NATALIDAD EMPRESARIAL NETA POR CADA 10 MIL HABITANTES
61,2016,10.0,GASTO EN TIC PARA INNOVAR (TASA POR CADA 10 MIL UNIDADES DEL PIB)
62,2016,9.0,CERTIFICADOS DE CALIDAD ISO DE PRODUCTOS Y DE PROCESOS (%)
63,2016,15.0,PRODUCCIÓN DE ALTO Y MEDIO ALTO CONTENIDO TECNOLÓGICO EN LA MANUFACTURA (%)
64,2016,15.0,VENTAS POR INNOVAR
65,2016,25.0,EXPORTACIONES DE PRODUCTOS ALTA TECNOLOGÍA (%)
66,2016,19.0,"EMPRESAS DE SERVICIOS DE COMUNICACIÓN, COMPUTACIÓN E INFORMACIÓN QUE EXPORTAN (%)"
67,2016,16.0,PATENTES CONCEDIDAS EN LOS ÚLTIMOS TRES AÑOS POR MILLÓN DE HABITANTES
68,2016,24.0,SOLICITUDES DE REGISTRO DE MARCAS POR MILLÓN DE HABITANTES
69,2016,9.0,TIC Y CREACIÓN DE NUEVOS MODELOS DE NEGOCIOS (% DE EMPRESAS)
70,2016,18.0,INVERSIÓN EN TIC DE LAS EMPRESAS QUE INTRODUCEN NUEVOS MÉTODOS ORGANIZATIVOS (TASA POR CADA MILLÓN DE UNIDADES DEL PIB)
71,2016,14.0,SOLICITUDES DE REGISTRO DE DISEÑOS INDUSTRIALES POR MILLÓN DE HABITANTES
72,2016,13.0,EXPORTACIÓN DE SERVICIOS CREATIVOS Y CULTURALES (%)
73,2016,20.0,PRODUCCIÓN DE ECONOMÍA NARANJA (% PIB DEL DEPARTAMENTO)
74,2016,13.0,SOLICITUDES DE PATENTES  EN EL SECTOR TIC POR MILLÓN DE HABITANTES
75,2016,24.0,EMPRENDIMIENTOS DIGITALES
76,2016,19.0,REGISTROS DE SOFTWARE
77,2016,9.0,ENTORNO POLÍTICO
78,2016,28.0,ENTORNO REGULATORIO
79,2016,22.0,AMBIENTE DE NEGOCIOS
80,2016,15.0,EDUCACIÓN SECUNDARIA Y MEDIA
81,2016,26.0,EDUCACIÓN SUPERIOR
82,2016,17.0,INVESTIGACIÓN Y DESARROLLO
83,2016,25.0,TIC
84,2016,27.0,INFRAESTRUCTURA GENERAL
85,2016,27.0,SOSTENIBILIDAD ECOLÓGICA
86,2016,23.0,CRÉDITO
87,2016,11.0,CAPACIDAD DE INVERSIÓN
88,2016,19.0,COMERCIO Y COMPETENCIA
89,2016,14.0,TRABAJADORES DE CONOCIMIENTO
90,2016,12.0,ENLACES DE INNOVACIÓN
91,2016,29.0,ABSORCIÓN DEL CONOCIMIENTO
92,2016,8.0,CREACIÓN DE CONOCIMIENTO
93,2016,20.0,IMPACTO DEL CONOCIMIENTO
94,2016,24.0,DIFUSIÓN DE CONOCIMIENTO
95,2016,15.0,BIENES INTANGIBLES
96,2016,20.0,BIENES Y SERVICIOS CREATIVOS
97,2016,22.0,CREATIVIDAD EN LÍNEA
98,2017,8.0,ÍNDICE DE ESTABILIDAD POLÍTICA Y AUSENCIA DE VIOLENCIA / TERRORISMO
99,2017,21.0,ÍNDICE DE EFECTIVIDAD DEL GOBIERNO
100,2017,12.0,VIOLACIONES A LA LIBERTAD DE PRENSA
101,2017,15.0,CAPACIDAD DE IMPLEMENTACIÓN DE POLÍTICAS Y REGULACIONES
102,2017,1.0,ÍNDICE DE PRIMACÍA DE LA LEY
103,2017,29.0,PROPORCIÓN DE OCUPADOS CON SEGURIDAD SOCIAL
104,2017,20.0,ÍNDICE DE APERTURA DE NEGOCIO
105,2017,4.0,ÍNDICE DE PAGOS DE IMPUESTOS POR AÑO
106,2017,18.0,ÍNDICE DE REGISTRO DE PROPIEDADES
107,2017,13.0,TASA DE COBERTURA NETA EN EDUCACIÓN SECUNDARIA
108,2017,15.0,TASA DE COBERTURA NETA EN EDUCACIÓN MEDIA
109,2017,22.0,ESPERANZA DE VIDA ESCOLAR
110,2017,18.0,"EVALUACIÓN DEL DESEMPEÑO ESCOLAR EN LECTURA, MATEMÁTICAS Y CIENCIA  EN LAS PRUEBAS SABER 11"
111,2017,26.0,TASA DE COBERTURA EN EDUCACIÓN SUPERIOR
112,2017,19.0,ÍNDICE DE PARTICIPACIÓN DE GRADUADOS EN CIENCIAS E INGENIERÍAS  STEM
113,2017,16.0,MOVILIDAD INTERNACIONAL (ÍNDICE)
114,2017,18.0,NÚMERO DE INVESTIGADORES POR MILLÓN DE HABITANTES
115,2017,9.0,GASTO BRUTO EN INVESTIGACIÓN Y DESARROLLO (I+D) COMO PORCENTAJE DEL PIB
116,2017,24.0,DESEMPEÑO DE LOS ESTUDIANTES DE EDUCACION TERCIARIA EN LAS PRUEBAS DE ESTADO SABER 
117,2017,21.0,INTENSIDAD DEL GASTO EMPRESARIAL EN I+D (PORCENTAJE)
118,2017,20.0,ACCESO A LAS TIC
119,2017,20.0,USO DE LAS TIC
120,2017,28.0,SERVICIOS DIGITALES DE CONFIANZA Y SEGURIDAD 
121,2017,32.0,GOBIERNO DIGITAL
122,2017,15.0,ÍNDICE DE GENERACIÓN Y COSTO DE LA ENERGÍA
123,2017,24.0,DESEMPEÑO LOGÍSTICO
124,2017,27.0,INVERSIÓN PÚBLICA EN CAPITAL FIJO (% DEL PIB)
125,2017,29.0,EFICIENCIA EN EL USO DE LA ENERGÍA (EN UNIDADES DEL PIB)
126,2017,16.0,DESEMPEÑO AMBIENTAL
127,2017,13.0,EMPRESAS CON CERTIFICACIÓN AMBIENTAL ISO 14001
128,2017,26.0,FACILIDAD PARA OBTENER CRÉDITO
129,2017,18.0,CRÉDITO DOMÉSTICO
130,2017,22.0,CRÉDITO A LAS EMPRESAS PARA INNOVAR
131,2017,6.0,CAPITALIZACIÓN BURSÁTIL
132,2017,11.0,INVERSIÓN PRIVADA EN CAPITAL FIJO EN LA INDUSTRIA (% DEL PIB)
133,2017,23.0,INVERSIÓN EN ACTIVIDADES CONDUCENTES A LA INNOVACIÓN EN LAS EMPRESAS (% DEL PIB)
134,2017,19.0,DIVERSIFICACIÓN DE MERCADOS DE DESTINO DE EXPORTACIONES
135,2017,22.0,DIVERSIFICACIÓN DE LA CANASTA EXPORTADORA (ÍNDICE HERFINDAHLHIRSCHMAN)
136,2017,14.0,SOFISTICACIÓN DEL APARATO PRODUCTIVO
137,2017,,TAMAÑO DEL MERCADO INTERNO (LOGARITMO)
138,2017,21.0,EMPLEO INTENSIVO EN CONOCIMIENTO (%)
139,2017,10.0,GASTO EN FORMACIÓN Y CAPACITACIÓN (POR CADA 100 MIL UNIDADES DEL PIB)
140,2017,8.0,GASTO PRIVADO EN I+D (% DEL PIB)
141,2017,15.0,FINANCIACIÓN EMPRESARIAL DEL GASTO EN I+D (%)
142,2017,17.0,BECAS DE MAESTRÍA Y DOCTORADO POR CADA 100 MIL PERSONAS ENTRE 25 Y 40 AÑOS
143,2017,30.0,MUJERES EMPLEADAS CON FORMACIÓN DE ALTO NIVEL
144,2017,4.0,EMPRESAS QUE COOPERAN EN ACTIVIDADES DE INNOVACIÓN CON ORGANIZACIONES DEL CONOCIMIENTO (%)
145,2017,12.0,ÍNDICE DE ESPECIALIZACIÓN INDUSTRIAL
146,2017,11.0,GASTO EN I+D FINANCIADO DESDE EL EXTRANJERO (%)
147,2017,11.0,EMPRESAS QUE COOPERAN CON ORGANIZACIONES INTERNACIONALES (%)
148,2017,26.0,IMPORTACIONES DE BIENES DE ALTA TECNOLOGÍA (% DE LAS IMPORTACIONES TOTALES DEL DEPARTAMENTO)
149,2017,22.0,INVERSIÓN EXTRANJERA DIRECTA DESDE EL EXTERIOR
150,2017,9.0,PERSONAL EN ACTI POR CADA 100 MIL HABITANTES
151,2017,23.0,SOLICITUDES DE PATENTES A RESIDENTES POR MILLÓN DE HABITANTES
152,2017,3.0,EMPRESAS INNOVADORAS EN SENTIDO ESTRICTO (%)
153,2017,22.0,SOLICITUDES DE MODELOS DE UTILIDAD REALIZADAS POR RESIDENTES POR MILLÓN DE HABITANTES
154,2017,3.0,ARTÍCULOS EN PUBLICACIONES CIENTÍFICAS Y TÉCNICAS
155,2017,9.0,ÍNDICE H (HIRSCH) DE DOCUMENTOS CITABLES
156,2017,10.0,EMPRESAS INNOVADORAS EN SENTIDO AMPLIO (%)
157,2017,20.0,PIB POR TRABAJADOR (MILLONES DE PESOS)
158,2017,19.0,TASA DE NATALIDAD EMPRESARIAL NETA POR CADA 10 MIL HABITANTES
159,2017,10.0,GASTO EN TIC PARA INNOVAR (TASA POR CADA 10 MIL UNIDADES DEL PIB)
160,2017,10.0,CERTIFICADOS DE CALIDAD ISO DE PRODUCTOS Y DE PROCESOS (%)
161,2017,15.0,PRODUCCIÓN DE ALTO Y MEDIO ALTO CONTENIDO TECNOLÓGICO EN LA MANUFACTURA (%)
162,2017,15.0,VENTAS POR INNOVAR
163,2017,25.0,EXPORTACIONES DE PRODUCTOS ALTA TECNOLOGÍA (%)
164,2017,19.0,"EMPRESAS DE SERVICIOS DE COMUNICACIÓN, COMPUTACIÓN E INFORMACIÓN QUE EXPORTAN (%)"
165,2017,17.0,PATENTES CONCEDIDAS EN LOS ÚLTIMOS TRES AÑOS POR MILLÓN DE HABITANTES
166,2017,23.0,SOLICITUDES DE REGISTRO DE MARCAS POR MILLÓN DE HABITANTES
167,2017,9.0,TIC Y CREACIÓN DE NUEVOS MODELOS DE NEGOCIOS (% DE EMPRESAS)
168,2017,18.0,INVERSIÓN EN TIC DE LAS EMPRESAS QUE INTRODUCEN NUEVOS MÉTODOS ORGANIZATIVOS (TASA POR CADA MILLÓN DE UNIDADES DEL PIB)
169,2017,16.0,SOLICITUDES DE REGISTRO DE DISEÑOS INDUSTRIALES POR MILLÓN DE HABITANTES
170,2017,13.0,EXPORTACIÓN DE SERVICIOS CREATIVOS Y CULTURALES (%)
171,2017,20.0,PRODUCCIÓN DE ECONOMÍA NARANJA (% PIB DEL DEPARTAMENTO)
172,2017,14.0,SOLICITUDES DE PATENTES  EN EL SECTOR TIC POR MILLÓN DE HABITANTES
173,2017,24.0,EMPRENDIMIENTOS DIGITALES
174,2017,19.0,REGISTROS DE SOFTWARE
175,2017,15.0,ENTORNO POLÍTICO
176,2017,23.0,ENTORNO REGULATORIO
177,2017,22.0,AMBIENTE DE NEGOCIOS
178,2017,18.0,EDUCACIÓN SECUNDARIA Y MEDIA
179,2017,25.0,EDUCACIÓN SUPERIOR
180,2017,21.0,INVESTIGACIÓN Y DESARROLLO
181,2017,25.0,TIC
182,2017,31.0,INFRAESTRUCTURA GENERAL
183,2017,30.0,SOSTENIBILIDAD ECOLÓGICA
184,2017,22.0,CRÉDITO
185,2017,16.0,CAPACIDAD DE INVERSIÓN
186,2017,19.0,COMERCIO Y COMPETENCIA
187,2017,19.0,TRABAJADORES DE CONOCIMIENTO
188,2017,10.0,ENLACES DE INNOVACIÓN
189,2017,29.0,ABSORCIÓN DEL CONOCIMIENTO
190,2017,8.0,CREACIÓN DE CONOCIMIENTO
191,2017,20.0,IMPACTO DEL CONOCIMIENTO
192,2017,24.0,DIFUSIÓN DE CONOCIMIENTO
193,2017,15.0,BIENES INTANGIBLES
194,2017,20.0,BIENES Y SERVICIOS CREATIVOS
195,2017,22.0,CREATIVIDAD EN LÍNEA
196,2018,12.0,ÍNDICE DE ESTABILIDAD POLÍTICA Y AUSENCIA DE VIOLENCIA / TERRORISMO
197,2018,15.0,ÍNDICE DE EFECTIVIDAD DEL GOBIERNO
198,2018,10.0,VIOLACIONES A LA LIBERTAD DE PRENSA
199,2018,12.0,CAPACIDAD DE IMPLEMENTACIÓN DE POLÍTICAS Y REGULACIONES
200,2018,1.0,ÍNDICE DE PRIMACÍA DE LA LEY
201,2018,28.0,PROPORCIÓN DE OCUPADOS CON SEGURIDAD SOCIAL
202,2018,17.0,ÍNDICE DE APERTURA DE NEGOCIO
203,2018,14.0,ÍNDICE DE PAGOS DE IMPUESTOS POR AÑO
204,2018,5.0,ÍNDICE DE REGISTRO DE PROPIEDADES
205,2018,12.0,TASA DE COBERTURA NETA EN EDUCACIÓN SECUNDARIA
206,2018,15.0,TASA DE COBERTURA NETA EN EDUCACIÓN MEDIA
207,2018,24.0,ESPERANZA DE VIDA ESCOLAR
208,2018,22.0,"EVALUACIÓN DEL DESEMPEÑO ESCOLAR EN LECTURA, MATEMÁTICAS Y CIENCIA  EN LAS PRUEBAS SABER 11"
209,2018,24.0,TASA DE COBERTURA EN EDUCACIÓN SUPERIOR
210,2018,19.0,ÍNDICE DE PARTICIPACIÓN DE GRADUADOS EN CIENCIAS E INGENIERÍAS  STEM
211,2018,14.0,MOVILIDAD INTERNACIONAL (ÍNDICE)
212,2018,18.0,NÚMERO DE INVESTIGADORES POR MILLÓN DE HABITANTES
213,2018,17.0,GASTO BRUTO EN INVESTIGACIÓN Y DESARROLLO (I+D) COMO PORCENTAJE DEL PIB
214,2018,23.0,DESEMPEÑO DE LOS ESTUDIANTES DE EDUCACION TERCIARIA EN LAS PRUEBAS DE ESTADO SABER 
215,2018,21.0,INTENSIDAD DEL GASTO EMPRESARIAL EN I+D (PORCENTAJE)
216,2018,20.0,ACCESO A LAS TIC
217,2018,21.0,USO DE LAS TIC
218,2018,28.0,SERVICIOS DIGITALES DE CONFIANZA Y SEGURIDAD 
219,2018,32.0,GOBIERNO DIGITAL
220,2018,13.0,ÍNDICE DE GENERACIÓN Y COSTO DE LA ENERGÍA
221,2018,26.0,DESEMPEÑO LOGÍSTICO
222,2018,9.0,INVERSIÓN PÚBLICA EN CAPITAL FIJO (% DEL PIB)
223,2018,27.0,EFICIENCIA EN EL USO DE LA ENERGÍA (EN UNIDADES DEL PIB)
224,2018,18.0,DESEMPEÑO AMBIENTAL
225,2018,16.0,EMPRESAS CON CERTIFICACIÓN AMBIENTAL ISO 14001
226,2018,26.0,FACILIDAD PARA OBTENER CRÉDITO
227,2018,17.0,CRÉDITO DOMÉSTICO
228,2018,11.0,CRÉDITO A LAS EMPRESAS PARA INNOVAR
229,2018,6.0,CAPITALIZACIÓN BURSÁTIL
230,2018,1.0,INVERSIÓN PRIVADA EN CAPITAL FIJO EN LA INDUSTRIA (% DEL PIB)
231,2018,17.0,INVERSIÓN EN ACTIVIDADES CONDUCENTES A LA INNOVACIÓN EN LAS EMPRESAS (% DEL PIB)
232,2018,7.0,DIVERSIFICACIÓN DE MERCADOS DE DESTINO DE EXPORTACIONES
233,2018,22.0,DIVERSIFICACIÓN DE LA CANASTA EXPORTADORA (ÍNDICE HERFINDAHLHIRSCHMAN)
234,2018,12.0,SOFISTICACIÓN DEL APARATO PRODUCTIVO
235,2018,,TAMAÑO DEL MERCADO INTERNO (LOGARITMO)
236,2018,21.0,EMPLEO INTENSIVO EN CONOCIMIENTO (%)
237,2018,10.0,GASTO EN FORMACIÓN Y CAPACITACIÓN (POR CADA 100 MIL UNIDADES DEL PIB)
238,2018,9.0,GASTO PRIVADO EN I+D (% DEL PIB)
239,2018,14.0,FINANCIACIÓN EMPRESARIAL DEL GASTO EN I+D (%)
240,2018,18.0,BECAS DE MAESTRÍA Y DOCTORADO POR CADA 100 MIL PERSONAS ENTRE 25 Y 40 AÑOS
241,2018,21.0,MUJERES EMPLEADAS CON FORMACIÓN DE ALTO NIVEL
242,2018,8.0,EMPRESAS QUE COOPERAN EN ACTIVIDADES DE INNOVACIÓN CON ORGANIZACIONES DEL CONOCIMIENTO (%)
243,2018,11.0,ÍNDICE DE ESPECIALIZACIÓN INDUSTRIAL
244,2018,4.0,GASTO EN I+D FINANCIADO DESDE EL EXTRANJERO (%)
245,2018,11.0,EMPRESAS QUE COOPERAN CON ORGANIZACIONES INTERNACIONALES (%)
246,2018,26.0,IMPORTACIONES DE BIENES DE ALTA TECNOLOGÍA (% DE LAS IMPORTACIONES TOTALES DEL DEPARTAMENTO)
247,2018,25.0,INVERSIÓN EXTRANJERA DIRECTA DESDE EL EXTERIOR
248,2018,17.0,PERSONAL EN ACTI POR CADA 100 MIL HABITANTES
249,2018,23.0,SOLICITUDES DE PATENTES A RESIDENTES POR MILLÓN DE HABITANTES
250,2018,7.0,EMPRESAS INNOVADORAS EN SENTIDO ESTRICTO (%)
251,2018,23.0,SOLICITUDES DE MODELOS DE UTILIDAD REALIZADAS POR RESIDENTES POR MILLÓN DE HABITANTES
252,2018,5.0,ARTÍCULOS EN PUBLICACIONES CIENTÍFICAS Y TÉCNICAS
253,2018,9.0,ÍNDICE H (HIRSCH) DE DOCUMENTOS CITABLES
254,2018,17.0,EMPRESAS INNOVADORAS EN SENTIDO AMPLIO (%)
255,2018,21.0,PIB POR TRABAJADOR (MILLONES DE PESOS)
256,2018,27.0,TASA DE NATALIDAD EMPRESARIAL NETA POR CADA 10 MIL HABITANTES
257,2018,19.0,GASTO EN TIC PARA INNOVAR (TASA POR CADA 10 MIL UNIDADES DEL PIB)
258,2018,15.0,CERTIFICADOS DE CALIDAD ISO DE PRODUCTOS Y DE PROCESOS (%)
259,2018,15.0,PRODUCCIÓN DE ALTO Y MEDIO ALTO CONTENIDO TECNOLÓGICO EN LA MANUFACTURA (%)
260,2018,17.0,VENTAS POR INNOVAR
261,2018,25.0,EXPORTACIONES DE PRODUCTOS ALTA TECNOLOGÍA (%)
262,2018,19.0,"EMPRESAS DE SERVICIOS DE COMUNICACIÓN, COMPUTACIÓN E INFORMACIÓN QUE EXPORTAN (%)"
263,2018,19.0,PATENTES CONCEDIDAS EN LOS ÚLTIMOS TRES AÑOS POR MILLÓN DE HABITANTES
264,2018,26.0,SOLICITUDES DE REGISTRO DE MARCAS POR MILLÓN DE HABITANTES
265,2018,13.0,TIC Y CREACIÓN DE NUEVOS MODELOS DE NEGOCIOS (% DE EMPRESAS)
266,2018,13.0,INVERSIÓN EN TIC DE LAS EMPRESAS QUE INTRODUCEN NUEVOS MÉTODOS ORGANIZATIVOS (TASA POR CADA MILLÓN DE UNIDADES DEL PIB)
267,2018,19.0,SOLICITUDES DE REGISTRO DE DISEÑOS INDUSTRIALES POR MILLÓN DE HABITANTES
268,2018,13.0,EXPORTACIÓN DE SERVICIOS CREATIVOS Y CULTURALES (%)
269,2018,21.0,PRODUCCIÓN DE ECONOMÍA NARANJA (% PIB DEL DEPARTAMENTO)
270,2018,15.0,SOLICITUDES DE PATENTES  EN EL SECTOR TIC POR MILLÓN DE HABITANTES
271,2018,25.0,EMPRENDIMIENTOS DIGITALES
272,2018,21.0,REGISTROS DE SOFTWARE
273,2018,12.0,ENTORNO POLÍTICO
274,2018,20.0,ENTORNO REGULATORIO
275,2018,10.0,AMBIENTE DE NEGOCIOS
276,2018,18.0,EDUCACIÓN SECUNDARIA Y MEDIA
277,2018,21.0,EDUCACIÓN SUPERIOR
278,2018,22.0,INVESTIGACIÓN Y DESARROLLO
279,2018,25.0,TIC
280,2018,21.0,INFRAESTRUCTURA GENERAL
281,2018,28.0,SOSTENIBILIDAD ECOLÓGICA
282,2018,21.0,CRÉDITO
283,2018,8.0,CAPACIDAD DE INVERSIÓN
284,2018,16.0,COMERCIO Y COMPETENCIA
285,2018,18.0,TRABAJADORES DE CONOCIMIENTO
286,2018,7.0,ENLACES DE INNOVACIÓN
287,2018,31.0,ABSORCIÓN DEL CONOCIMIENTO
288,2018,17.0,CREACIÓN DE CONOCIMIENTO
289,2018,24.0,IMPACTO DEL CONOCIMIENTO
290,2018,24.0,DIFUSIÓN DE CONOCIMIENTO
291,2018,21.0,BIENES INTANGIBLES
292,2018,21.0,BIENES Y SERVICIOS CREATIVOS
293,2018,23.0,CREATIVIDAD EN LÍNEA
294,2019,5.0,ÍNDICE DE ESTABILIDAD POLÍTICA Y AUSENCIA DE VIOLENCIA / TERRORISMO
295,2019,16.0,ÍNDICE DE EFECTIVIDAD DEL GOBIERNO
296,2019,10.0,VIOLACIONES A LA LIBERTAD DE PRENSA
297,2019,3.0,CAPACIDAD DE IMPLEMENTACIÓN DE POLÍTICAS Y REGULACIONES
298,2019,6.0,ÍNDICE DE PRIMACÍA DE LA LEY
299,2019,28.0,PROPORCIÓN DE OCUPADOS CON SEGURIDAD SOCIAL
300,2019,17.0,ÍNDICE DE APERTURA DE NEGOCIO
301,2019,14.0,ÍNDICE DE PAGOS DE IMPUESTOS POR AÑO
302,2019,5.0,ÍNDICE DE REGISTRO DE PROPIEDADES
303,2019,12.0,TASA DE COBERTURA NETA EN EDUCACIÓN SECUNDARIA
304,2019,14.0,TASA DE COBERTURA NETA EN EDUCACIÓN MEDIA
305,2019,26.0,ESPERANZA DE VIDA ESCOLAR
306,2019,18.0,"EVALUACIÓN DEL DESEMPEÑO ESCOLAR EN LECTURA, MATEMÁTICAS Y CIENCIA  EN LAS PRUEBAS SABER 11"
307,2019,22.0,TASA DE COBERTURA EN EDUCACIÓN SUPERIOR
308,2019,23.0,ÍNDICE DE PARTICIPACIÓN DE GRADUADOS EN CIENCIAS E INGENIERÍAS  STEM
309,2019,17.0,MOVILIDAD INTERNACIONAL (ÍNDICE)
310,2019,18.0,NÚMERO DE INVESTIGADORES POR MILLÓN DE HABITANTES
311,2019,12.0,GASTO BRUTO EN INVESTIGACIÓN Y DESARROLLO (I+D) COMO PORCENTAJE DEL PIB
312,2019,20.0,DESEMPEÑO DE LOS ESTUDIANTES DE EDUCACION TERCIARIA EN LAS PRUEBAS DE ESTADO SABER 
313,2019,21.0,INTENSIDAD DEL GASTO EMPRESARIAL EN I+D (PORCENTAJE)
314,2019,20.0,ACCESO A LAS TIC
315,2019,21.0,USO DE LAS TIC
316,2019,26.0,SERVICIOS DIGITALES DE CONFIANZA Y SEGURIDAD 
317,2019,29.0,GOBIERNO DIGITAL
318,2019,26.0,ÍNDICE DE GENERACIÓN Y COSTO DE LA ENERGÍA
319,2019,11.0,DESEMPEÑO LOGÍSTICO
320,2019,19.0,INVERSIÓN PÚBLICA EN CAPITAL FIJO (% DEL PIB)
321,2019,27.0,EFICIENCIA EN EL USO DE LA ENERGÍA (EN UNIDADES DEL PIB)
322,2019,13.0,DESEMPEÑO AMBIENTAL
323,2019,25.0,EMPRESAS CON CERTIFICACIÓN AMBIENTAL ISO 14001
324,2019,27.0,FACILIDAD PARA OBTENER CRÉDITO
325,2019,17.0,CRÉDITO DOMÉSTICO
326,2019,11.0,CRÉDITO A LAS EMPRESAS PARA INNOVAR
327,2019,7.0,CAPITALIZACIÓN BURSÁTIL
328,2019,10.0,INVERSIÓN PRIVADA EN CAPITAL FIJO EN LA INDUSTRIA (% DEL PIB)
329,2019,18.0,INVERSIÓN EN ACTIVIDADES CONDUCENTES A LA INNOVACIÓN EN LAS EMPRESAS (% DEL PIB)
330,2019,8.0,DIVERSIFICACIÓN DE MERCADOS DE DESTINO DE EXPORTACIONES
331,2019,18.0,DIVERSIFICACIÓN DE LA CANASTA EXPORTADORA (ÍNDICE HERFINDAHLHIRSCHMAN)
332,2019,12.0,SOFISTICACIÓN DEL APARATO PRODUCTIVO
333,2019,,TAMAÑO DEL MERCADO INTERNO (LOGARITMO)
334,2019,19.0,EMPLEO INTENSIVO EN CONOCIMIENTO (%)
335,2019,13.0,GASTO EN FORMACIÓN Y CAPACITACIÓN (POR CADA 100 MIL UNIDADES DEL PIB)
336,2019,8.0,GASTO PRIVADO EN I+D (% DEL PIB)
337,2019,11.0,FINANCIACIÓN EMPRESARIAL DEL GASTO EN I+D (%)
338,2019,18.0,BECAS DE MAESTRÍA Y DOCTORADO POR CADA 100 MIL PERSONAS ENTRE 25 Y 40 AÑOS
339,2019,21.0,MUJERES EMPLEADAS CON FORMACIÓN DE ALTO NIVEL
340,2019,8.0,EMPRESAS QUE COOPERAN EN ACTIVIDADES DE INNOVACIÓN CON ORGANIZACIONES DEL CONOCIMIENTO (%)
341,2019,11.0,ÍNDICE DE ESPECIALIZACIÓN INDUSTRIAL
342,2019,3.0,GASTO EN I+D FINANCIADO DESDE EL EXTRANJERO (%)
343,2019,11.0,EMPRESAS QUE COOPERAN CON ORGANIZACIONES INTERNACIONALES (%)
344,2019,25.0,IMPORTACIONES DE BIENES DE ALTA TECNOLOGÍA (% DE LAS IMPORTACIONES TOTALES DEL DEPARTAMENTO)
345,2019,25.0,INVERSIÓN EXTRANJERA DIRECTA DESDE EL EXTERIOR
346,2019,18.0,PERSONAL EN ACTI POR CADA 100 MIL HABITANTES
347,2019,21.0,SOLICITUDES DE PATENTES A RESIDENTES POR MILLÓN DE HABITANTES
348,2019,7.0,EMPRESAS INNOVADORAS EN SENTIDO ESTRICTO (%)
349,2019,24.0,SOLICITUDES DE MODELOS DE UTILIDAD REALIZADAS POR RESIDENTES POR MILLÓN DE HABITANTES
350,2019,5.0,ARTÍCULOS EN PUBLICACIONES CIENTÍFICAS Y TÉCNICAS
351,2019,10.0,ÍNDICE H (HIRSCH) DE DOCUMENTOS CITABLES
352,2019,15.0,EMPRESAS INNOVADORAS EN SENTIDO AMPLIO (%)
353,2019,20.0,PIB POR TRABAJADOR (MILLONES DE PESOS)
354,2019,28.0,TASA DE NATALIDAD EMPRESARIAL NETA POR CADA 10 MIL HABITANTES
355,2019,9.0,GASTO EN TIC PARA INNOVAR (TASA POR CADA 10 MIL UNIDADES DEL PIB)
356,2019,13.0,CERTIFICADOS DE CALIDAD ISO DE PRODUCTOS Y DE PROCESOS (%)
357,2019,15.0,PRODUCCIÓN DE ALTO Y MEDIO ALTO CONTENIDO TECNOLÓGICO EN LA MANUFACTURA (%)
358,2019,19.0,VENTAS POR INNOVAR
359,2019,22.0,EXPORTACIONES DE PRODUCTOS ALTA TECNOLOGÍA (%)
360,2019,21.0,"EMPRESAS DE SERVICIOS DE COMUNICACIÓN, COMPUTACIÓN E INFORMACIÓN QUE EXPORTAN (%)"
361,2019,21.0,PATENTES CONCEDIDAS EN LOS ÚLTIMOS TRES AÑOS POR MILLÓN DE HABITANTES
362,2019,25.0,SOLICITUDES DE REGISTRO DE MARCAS POR MILLÓN DE HABITANTES
363,2019,8.0,TIC Y CREACIÓN DE NUEVOS MODELOS DE NEGOCIOS (% DE EMPRESAS)
364,2019,9.0,INVERSIÓN EN TIC DE LAS EMPRESAS QUE INTRODUCEN NUEVOS MÉTODOS ORGANIZATIVOS (TASA POR CADA MILLÓN DE UNIDADES DEL PIB)
365,2019,20.0,SOLICITUDES DE REGISTRO DE DISEÑOS INDUSTRIALES POR MILLÓN DE HABITANTES
366,2019,16.0,EXPORTACIÓN DE SERVICIOS CREATIVOS Y CULTURALES (%)
367,2019,16.0,PRODUCCIÓN DE ECONOMÍA NARANJA (% PIB DEL DEPARTAMENTO)
368,2019,14.0,SOLICITUDES DE PATENTES  EN EL SECTOR TIC POR MILLÓN DE HABITANTES
369,2019,25.0,EMPRENDIMIENTOS DIGITALES
370,2019,19.0,REGISTROS DE SOFTWARE
371,2019,7.0,ENTORNO POLÍTICO
372,2019,12.0,ENTORNO REGULATORIO
373,2019,10.0,AMBIENTE DE NEGOCIOS
374,2019,19.0,EDUCACIÓN SECUNDARIA Y MEDIA
375,2019,21.0,EDUCACIÓN SUPERIOR
376,2019,19.0,INVESTIGACIÓN Y DESARROLLO
377,2019,23.0,TIC
378,2019,24.0,INFRAESTRUCTURA GENERAL
379,2019,32.0,SOSTENIBILIDAD ECOLÓGICA
380,2019,20.0,CRÉDITO
381,2019,15.0,CAPACIDAD DE INVERSIÓN
382,2019,15.0,COMERCIO Y COMPETENCIA
383,2019,18.0,TRABAJADORES DE CONOCIMIENTO
384,2019,10.0,ENLACES DE INNOVACIÓN
385,2019,31.0,ABSORCIÓN DEL CONOCIMIENTO
386,2019,16.0,CREACIÓN DE CONOCIMIENTO
387,2019,23.0,IMPACTO DEL CONOCIMIENTO
388,2019,23.0,DIFUSIÓN DE CONOCIMIENTO
389,2019,15.0,BIENES INTANGIBLES
390,2019,17.0,BIENES Y SERVICIOS CREATIVOS
391,2019,23.0,CREATIVIDAD EN LÍNEA
392,2020,8.0,ÍNDICE DE ESTABILIDAD POLÍTICA Y AUSENCIA DE VIOLENCIA / TERRORISMO
393,2020,17.0,ÍNDICE DE EFECTIVIDAD DEL GOBIERNO
394,2020,8.0,VIOLACIONES A LA LIBERTAD DE PRENSA
395,2020,10.0,CAPACIDAD DE IMPLEMENTACIÓN DE POLÍTICAS Y REGULACIONES
396,2020,1.0,ÍNDICE DE PRIMACÍA DE LA LEY
397,2020,27.0,PROPORCIÓN DE OCUPADOS CON SEGURIDAD SOCIAL
398,2020,17.0,ÍNDICE DE APERTURA DE NEGOCIO
399,2020,14.0,ÍNDICE DE PAGOS DE IMPUESTOS POR AÑO
400,2020,5.0,ÍNDICE DE REGISTRO DE PROPIEDADES
401,2020,12.0,TASA DE COBERTURA NETA EN EDUCACIÓN SECUNDARIA
402,2020,12.0,TASA DE COBERTURA NETA EN EDUCACIÓN MEDIA
403,2020,21.0,ESPERANZA DE VIDA ESCOLAR
404,2020,20.0,"EVALUACIÓN DEL DESEMPEÑO ESCOLAR EN LECTURA, MATEMÁTICAS Y CIENCIA  EN LAS PRUEBAS SABER 11"
405,2020,25.0,TASA DE COBERTURA EN EDUCACIÓN SUPERIOR
406,2020,22.0,ÍNDICE DE PARTICIPACIÓN DE GRADUADOS EN CIENCIAS E INGENIERÍAS  STEM
407,2020,21.0,MOVILIDAD INTERNACIONAL (ÍNDICE)
408,2020,18.0,NÚMERO DE INVESTIGADORES POR MILLÓN DE HABITANTES
409,2020,10.0,GASTO BRUTO EN INVESTIGACIÓN Y DESARROLLO (I+D) COMO PORCENTAJE DEL PIB
410,2020,23.0,DESEMPEÑO DE LOS ESTUDIANTES DE EDUCACION TERCIARIA EN LAS PRUEBAS DE ESTADO SABER 
411,2020,21.0,INTENSIDAD DEL GASTO EMPRESARIAL EN I+D (PORCENTAJE)
412,2020,19.0,ACCESO A LAS TIC
413,2020,19.0,USO DE LAS TIC
414,2020,21.0,SERVICIOS DIGITALES DE CONFIANZA Y SEGURIDAD 
415,2020,23.0,GOBIERNO DIGITAL
416,2020,28.0,ÍNDICE DE GENERACIÓN Y COSTO DE LA ENERGÍA
417,2020,8.0,DESEMPEÑO LOGÍSTICO
418,2020,21.0,INVERSIÓN PÚBLICA EN CAPITAL FIJO (% DEL PIB)
419,2020,25.0,EFICIENCIA EN EL USO DE LA ENERGÍA (EN UNIDADES DEL PIB)
420,2020,12.0,DESEMPEÑO AMBIENTAL
421,2020,25.0,EMPRESAS CON CERTIFICACIÓN AMBIENTAL ISO 14001
422,2020,25.0,FACILIDAD PARA OBTENER CRÉDITO
423,2020,16.0,CRÉDITO DOMÉSTICO
424,2020,17.0,CRÉDITO A LAS EMPRESAS PARA INNOVAR
425,2020,7.0,CAPITALIZACIÓN BURSÁTIL
426,2020,14.0,INVERSIÓN PRIVADA EN CAPITAL FIJO EN LA INDUSTRIA (% DEL PIB)
427,2020,17.0,INVERSIÓN EN ACTIVIDADES CONDUCENTES A LA INNOVACIÓN EN LAS EMPRESAS (% DEL PIB)
428,2020,15.0,DIVERSIFICACIÓN DE MERCADOS DE DESTINO DE EXPORTACIONES
429,2020,18.0,DIVERSIFICACIÓN DE LA CANASTA EXPORTADORA (ÍNDICE HERFINDAHLHIRSCHMAN)
430,2020,13.0,SOFISTICACIÓN DEL APARATO PRODUCTIVO
431,2020,,TAMAÑO DEL MERCADO INTERNO (LOGARITMO)
432,2020,19.0,EMPLEO INTENSIVO EN CONOCIMIENTO (%)
433,2020,17.0,GASTO EN FORMACIÓN Y CAPACITACIÓN (POR CADA 100 MIL UNIDADES DEL PIB)
434,2020,6.0,GASTO PRIVADO EN I+D (% DEL PIB)
435,2020,17.0,FINANCIACIÓN EMPRESARIAL DEL GASTO EN I+D (%)
436,2020,18.0,BECAS DE MAESTRÍA Y DOCTORADO POR CADA 100 MIL PERSONAS ENTRE 25 Y 40 AÑOS
437,2020,22.0,MUJERES EMPLEADAS CON FORMACIÓN DE ALTO NIVEL
438,2020,13.0,EMPRESAS QUE COOPERAN EN ACTIVIDADES DE INNOVACIÓN CON ORGANIZACIONES DEL CONOCIMIENTO (%)
439,2020,11.0,ÍNDICE DE ESPECIALIZACIÓN INDUSTRIAL
440,2020,5.0,GASTO EN I+D FINANCIADO DESDE EL EXTRANJERO (%)
441,2020,16.0,EMPRESAS QUE COOPERAN CON ORGANIZACIONES INTERNACIONALES (%)
442,2020,28.0,IMPORTACIONES DE BIENES DE ALTA TECNOLOGÍA (% DE LAS IMPORTACIONES TOTALES DEL DEPARTAMENTO)
443,2020,26.0,INVERSIÓN EXTRANJERA DIRECTA DESDE EL EXTERIOR
444,2020,16.0,PERSONAL EN ACTI POR CADA 100 MIL HABITANTES
445,2020,25.0,SOLICITUDES DE PATENTES A RESIDENTES POR MILLÓN DE HABITANTES
446,2020,6.0,EMPRESAS INNOVADORAS EN SENTIDO ESTRICTO (%)
447,2020,24.0,SOLICITUDES DE MODELOS DE UTILIDAD REALIZADAS POR RESIDENTES POR MILLÓN DE HABITANTES
448,2020,12.0,ARTÍCULOS EN PUBLICACIONES CIENTÍFICAS Y TÉCNICAS
449,2020,11.0,ÍNDICE H (HIRSCH) DE DOCUMENTOS CITABLES
450,2020,12.0,EMPRESAS INNOVADORAS EN SENTIDO AMPLIO (%)
451,2020,18.0,PIB POR TRABAJADOR (MILLONES DE PESOS)
452,2020,26.0,TASA DE NATALIDAD EMPRESARIAL NETA POR CADA 10 MIL HABITANTES
453,2020,19.0,GASTO EN TIC PARA INNOVAR (TASA POR CADA 10 MIL UNIDADES DEL PIB)
454,2020,14.0,CERTIFICADOS DE CALIDAD ISO DE PRODUCTOS Y DE PROCESOS (%)
455,2020,15.0,PRODUCCIÓN DE ALTO Y MEDIO ALTO CONTENIDO TECNOLÓGICO EN LA MANUFACTURA (%)
456,2020,19.0,VENTAS POR INNOVAR
457,2020,20.0,EXPORTACIONES DE PRODUCTOS ALTA TECNOLOGÍA (%)
458,2020,21.0,"EMPRESAS DE SERVICIOS DE COMUNICACIÓN, COMPUTACIÓN E INFORMACIÓN QUE EXPORTAN (%)"
459,2020,20.0,PATENTES CONCEDIDAS EN LOS ÚLTIMOS TRES AÑOS POR MILLÓN DE HABITANTES
460,2020,27.0,SOLICITUDES DE REGISTRO DE MARCAS POR MILLÓN DE HABITANTES
461,2020,8.0,TIC Y CREACIÓN DE NUEVOS MODELOS DE NEGOCIOS (% DE EMPRESAS)
462,2020,15.0,INVERSIÓN EN TIC DE LAS EMPRESAS QUE INTRODUCEN NUEVOS MÉTODOS ORGANIZATIVOS (TASA POR CADA MILLÓN DE UNIDADES DEL PIB)
463,2020,21.0,SOLICITUDES DE REGISTRO DE DISEÑOS INDUSTRIALES POR MILLÓN DE HABITANTES
464,2020,15.0,EXPORTACIÓN DE SERVICIOS CREATIVOS Y CULTURALES (%)
465,2020,20.0,PRODUCCIÓN DE ECONOMÍA NARANJA (% PIB DEL DEPARTAMENTO)
466,2020,17.0,SOLICITUDES DE PATENTES  EN EL SECTOR TIC POR MILLÓN DE HABITANTES
467,2020,26.0,EMPRENDIMIENTOS DIGITALES
468,2020,19.0,REGISTROS DE SOFTWARE
469,2020,7.0,ENTORNO POLÍTICO
470,2020,15.0,ENTORNO REGULATORIO
471,2020,10.0,AMBIENTE DE NEGOCIOS
472,2020,18.0,EDUCACIÓN SECUNDARIA Y MEDIA
473,2020,26.0,EDUCACIÓN SUPERIOR
474,2020,23.0,INVESTIGACIÓN Y DESARROLLO
475,2020,18.0,TIC
476,2020,25.0,INFRAESTRUCTURA GENERAL
477,2020,27.0,SOSTENIBILIDAD ECOLÓGICA
478,2020,22.0,CRÉDITO
479,2020,15.0,CAPACIDAD DE INVERSIÓN
480,2020,16.0,COMERCIO Y COMPETENCIA
481,2020,16.0,TRABAJADORES DE CONOCIMIENTO
482,2020,12.0,ENLACES DE INNOVACIÓN
483,2020,31.0,ABSORCIÓN DEL CONOCIMIENTO
484,2020,18.0,CREACIÓN DE CONOCIMIENTO
485,2020,22.0,IMPACTO DEL CONOCIMIENTO
486,2020,22.0,DIFUSIÓN DE CONOCIMIENTO
487,2020,17.0,BIENES INTANGIBLES
488,2020,21.0,BIENES Y SERVICIOS CREATIVOS
489,2020,22.0,CREATIVIDAD EN LÍNEA
490,2021,5.0,ÍNDICE DE ESTABILIDAD POLÍTICA Y AUSENCIA DE VIOLENCIA / TERRORISMO
491,2021,19.0,ÍNDICE DE EFECTIVIDAD DEL GOBIERNO
492,2021,12.0,VIOLACIONES A LA LIBERTAD DE PRENSA
493,2021,5.0,CAPACIDAD DE IMPLEMENTACIÓN DE POLÍTICAS Y REGULACIONES
494,2021,2.0,ÍNDICE DE PRIMACÍA DE LA LEY
495,2021,26.0,PROPORCIÓN DE OCUPADOS CON SEGURIDAD SOCIAL
496,2021,17.0,ÍNDICE DE APERTURA DE NEGOCIO
497,2021,14.0,ÍNDICE DE PAGOS DE IMPUESTOS POR AÑO
498,2021,5.0,ÍNDICE DE REGISTRO DE PROPIEDADES
499,2021,13.0,TASA DE COBERTURA NETA EN EDUCACIÓN SECUNDARIA
500,2021,14.0,TASA DE COBERTURA NETA EN EDUCACIÓN MEDIA
501,2021,24.0,ESPERANZA DE VIDA ESCOLAR
502,2021,22.0,"EVALUACIÓN DEL DESEMPEÑO ESCOLAR EN LECTURA, MATEMÁTICAS Y CIENCIA  EN LAS PRUEBAS SABER 11"
503,2021,25.0,TASA DE COBERTURA EN EDUCACIÓN SUPERIOR
504,2021,12.0,ÍNDICE DE PARTICIPACIÓN DE GRADUADOS EN CIENCIAS E INGENIERÍAS  STEM
505,2021,14.0,MOVILIDAD INTERNACIONAL (ÍNDICE)
506,2021,18.0,NÚMERO DE INVESTIGADORES POR MILLÓN DE HABITANTES
507,2021,13.0,GASTO BRUTO EN INVESTIGACIÓN Y DESARROLLO (I+D) COMO PORCENTAJE DEL PIB
508,2021,24.0,DESEMPEÑO DE LOS ESTUDIANTES DE EDUCACION TERCIARIA EN LAS PRUEBAS DE ESTADO SABER 
509,2021,23.0,INTENSIDAD DEL GASTO EMPRESARIAL EN I+D (PORCENTAJE)
510,2021,24.0,ACCESO A LAS TIC
511,2021,28.0,USO DE LAS TIC
512,2021,18.0,SERVICIOS DIGITALES DE CONFIANZA Y SEGURIDAD 
513,2021,22.0,GOBIERNO DIGITAL
514,2021,16.0,ÍNDICE DE GENERACIÓN Y COSTO DE LA ENERGÍA
515,2021,12.0,DESEMPEÑO LOGÍSTICO
516,2021,20.0,INVERSIÓN PÚBLICA EN CAPITAL FIJO (% DEL PIB)
517,2021,21.0,EFICIENCIA EN EL USO DE LA ENERGÍA (EN UNIDADES DEL PIB)
518,2021,12.0,DESEMPEÑO AMBIENTAL
519,2021,18.0,EMPRESAS CON CERTIFICACIÓN AMBIENTAL ISO 14001
520,2021,27.0,FACILIDAD PARA OBTENER CRÉDITO
521,2021,17.0,CRÉDITO DOMÉSTICO
522,2021,18.0,CRÉDITO A LAS EMPRESAS PARA INNOVAR
523,2021,7.0,CAPITALIZACIÓN BURSÁTIL
524,2021,9.0,INVERSIÓN PRIVADA EN CAPITAL FIJO EN LA INDUSTRIA (% DEL PIB)
525,2021,22.0,INVERSIÓN EN ACTIVIDADES CONDUCENTES A LA INNOVACIÓN EN LAS EMPRESAS (% DEL PIB)
526,2021,23.0,DIVERSIFICACIÓN DE MERCADOS DE DESTINO DE EXPORTACIONES
527,2021,18.0,DIVERSIFICACIÓN DE LA CANASTA EXPORTADORA (ÍNDICE HERFINDAHLHIRSCHMAN)
528,2021,12.0,SOFISTICACIÓN DEL APARATO PRODUCTIVO
529,2021,,TAMAÑO DEL MERCADO INTERNO (LOGARITMO)
530,2021,19.0,EMPLEO INTENSIVO EN CONOCIMIENTO (%)
531,2021,17.0,GASTO EN FORMACIÓN Y CAPACITACIÓN (POR CADA 100 MIL UNIDADES DEL PIB)
532,2021,8.0,GASTO PRIVADO EN I+D (% DEL PIB)
533,2021,14.0,FINANCIACIÓN EMPRESARIAL DEL GASTO EN I+D (%)
534,2021,17.0,BECAS DE MAESTRÍA Y DOCTORADO POR CADA 100 MIL PERSONAS ENTRE 25 Y 40 AÑOS
535,2021,23.0,MUJERES EMPLEADAS CON FORMACIÓN DE ALTO NIVEL
536,2021,13.0,EMPRESAS QUE COOPERAN EN ACTIVIDADES DE INNOVACIÓN CON ORGANIZACIONES DEL CONOCIMIENTO (%)
537,2021,10.0,ÍNDICE DE ESPECIALIZACIÓN INDUSTRIAL
538,2021,11.0,GASTO EN I+D FINANCIADO DESDE EL EXTRANJERO (%)
539,2021,17.0,EMPRESAS QUE COOPERAN CON ORGANIZACIONES INTERNACIONALES (%)
540,2021,29.0,IMPORTACIONES DE BIENES DE ALTA TECNOLOGÍA (% DE LAS IMPORTACIONES TOTALES DEL DEPARTAMENTO)
541,2021,26.0,INVERSIÓN EXTRANJERA DIRECTA DESDE EL EXTERIOR
542,2021,18.0,PERSONAL EN ACTI POR CADA 100 MIL HABITANTES
543,2021,27.0,SOLICITUDES DE PATENTES A RESIDENTES POR MILLÓN DE HABITANTES
544,2021,6.0,EMPRESAS INNOVADORAS EN SENTIDO ESTRICTO (%)
545,2021,25.0,SOLICITUDES DE MODELOS DE UTILIDAD REALIZADAS POR RESIDENTES POR MILLÓN DE HABITANTES
546,2021,12.0,ARTÍCULOS EN PUBLICACIONES CIENTÍFICAS Y TÉCNICAS
547,2021,9.0,ÍNDICE H (HIRSCH) DE DOCUMENTOS CITABLES
548,2021,14.0,EMPRESAS INNOVADORAS EN SENTIDO AMPLIO (%)
549,2021,19.0,PIB POR TRABAJADOR (MILLONES DE PESOS)
550,2021,27.0,TASA DE NATALIDAD EMPRESARIAL NETA POR CADA 10 MIL HABITANTES
551,2021,20.0,GASTO EN TIC PARA INNOVAR (TASA POR CADA 10 MIL UNIDADES DEL PIB)
552,2021,17.0,CERTIFICADOS DE CALIDAD ISO DE PRODUCTOS Y DE PROCESOS (%)
553,2021,13.0,PRODUCCIÓN DE ALTO Y MEDIO ALTO CONTENIDO TECNOLÓGICO EN LA MANUFACTURA (%)
554,2021,19.0,VENTAS POR INNOVAR
555,2021,25.0,EXPORTACIONES DE PRODUCTOS ALTA TECNOLOGÍA (%)
556,2021,22.0,"EMPRESAS DE SERVICIOS DE COMUNICACIÓN, COMPUTACIÓN E INFORMACIÓN QUE EXPORTAN (%)"
557,2021,18.0,PATENTES CONCEDIDAS EN LOS ÚLTIMOS TRES AÑOS POR MILLÓN DE HABITANTES
558,2021,25.0,SOLICITUDES DE REGISTRO DE MARCAS POR MILLÓN DE HABITANTES
559,2021,8.0,TIC Y CREACIÓN DE NUEVOS MODELOS DE NEGOCIOS (% DE EMPRESAS)
560,2021,16.0,INVERSIÓN EN TIC DE LAS EMPRESAS QUE INTRODUCEN NUEVOS MÉTODOS ORGANIZATIVOS (TASA POR CADA MILLÓN DE UNIDADES DEL PIB)
561,2021,21.0,SOLICITUDES DE REGISTRO DE DISEÑOS INDUSTRIALES POR MILLÓN DE HABITANTES
562,2021,19.0,EXPORTACIÓN DE SERVICIOS CREATIVOS Y CULTURALES (%)
563,2021,24.0,PRODUCCIÓN DE ECONOMÍA NARANJA (% PIB DEL DEPARTAMENTO)
564,2021,17.0,SOLICITUDES DE PATENTES  EN EL SECTOR TIC POR MILLÓN DE HABITANTES
565,2021,26.0,EMPRENDIMIENTOS DIGITALES
566,2021,20.0,REGISTROS DE SOFTWARE
567,2021,14.0,ENTORNO POLÍTICO
568,2021,15.0,ENTORNO REGULATORIO
569,2021,10.0,AMBIENTE DE NEGOCIOS
570,2021,19.0,EDUCACIÓN SECUNDARIA Y MEDIA
571,2021,17.0,EDUCACIÓN SUPERIOR
572,2021,24.0,INVESTIGACIÓN Y DESARROLLO
573,2021,26.0,TIC
574,2021,21.0,INFRAESTRUCTURA GENERAL
575,2021,23.0,SOSTENIBILIDAD ECOLÓGICA
576,2021,25.0,CRÉDITO
577,2021,11.0,CAPACIDAD DE INVERSIÓN
578,2021,18.0,COMERCIO Y COMPETENCIA
579,2021,18.0,TRABAJADORES DE CONOCIMIENTO
580,2021,13.0,ENLACES DE INNOVACIÓN
581,2021,32.0,ABSORCIÓN DEL CONOCIMIENTO
582,2021,20.0,CREACIÓN DE CONOCIMIENTO
583,2021,21.0,IMPACTO DEL CONOCIMIENTO
584,2021,22.0,DIFUSIÓN DE CONOCIMIENTO
585,2021,17.0,BIENES INTANGIBLES
586,2021,24.0,BIENES Y SERVICIOS CREATIVOS
587,2021,24.0,CREATIVIDAD EN LÍNEA
